"Player","Born","Url","player_dob","player_url","player_position"
"Abde Ezzalzouli",2001,"https://fbref.com/en/players/bed68338/Abde-Ezzalzouli",2001-12-17,"https://www.transfermarkt.com/abde-ezzalzouli/profil/spieler/724520","Left Winger"
"Abdoul Kone",2005,"https://fbref.com/en/players/c1ebf5d2/Abdoul-Kone",2005-04-22,"https://www.transfermarkt.com/abdoul-kone/profil/spieler/1130445","Centre-Back"
"Abdoulie Ceesay",2004,"https://fbref.com/en/players/72ae8652/Abdoulie-Ceesay",2004-01-05,"https://www.transfermarkt.com/abdoulie-ceesay/profil/spieler/1280281","Centre-Forward"
"Abdukodir Khusanov",2004,"https://fbref.com/en/players/d17ce930/Abdukodir-Khusanov",2004-02-29,"https://www.transfermarkt.com/abdukodir-khusanov/profil/spieler/763079","Centre-Back"
"Adam Aznou",2006,"https://fbref.com/en/players/e678d983/Adam-Aznou",2006-06-02,"https://www.transfermarkt.com/adam-aznou/profil/spieler/938146","Left-Back"
"Adama Boiro",2002,"https://fbref.com/en/players/e7992f7b/Adama-Boiro",2002-06-22,"https://www.transfermarkt.com/adama-boiro/profil/spieler/710671","Left-Back"
"Adrian Benedyczak",2000,"https://fbref.com/en/players/3f448184/Adrian-Benedyczak",2000-11-24,"https://www.transfermarkt.com/adrian-benedyczak/profil/spieler/454386","Left Winger"
"Adrian Rodriguez",2000,"https://fbref.com/en/players/bf17fb4a/Adrian-Rodriguez",2000-12-12,"https://www.transfermarkt.com/adrian-rodriguez/profil/spieler/608382","Goalkeeper"
"Albert Gronbaek",2001,"https://fbref.com/en/players/0da5076f/Albert-Gronbaek",2001-05-23,"https://www.transfermarkt.com/albert-gronbaek/profil/spieler/503866","Attacking Midfield"
"Alberto Risco",2005,"https://fbref.com/en/players/36286814/Alberto-Risco",2005-08-30,"https://www.transfermarkt.com/alberto-risco/profil/spieler/1255616","Attacking Midfield"
"Alejandro Frances",2002,"https://fbref.com/en/players/3e78a188/Alejandro-Frances",2002-08-01,"https://www.transfermarkt.com/alejandro-frances/profil/spieler/632896","Right-Back"
"Alen Sherri",1997,"https://fbref.com/en/players/eebf35b6/Alen-Sherri",1997-12-15,"https://www.transfermarkt.com/alen-sherri/profil/spieler/304144","Goalkeeper"
"Alessandro Circati",2003,"https://fbref.com/en/players/1223765c/Alessandro-Circati",2003-10-10,"https://www.transfermarkt.com/alessandro-circati/profil/spieler/867137","Centre-Back"
"Alessandro Gabrielloni",1994,"https://fbref.com/en/players/181cb492/Alessandro-Gabrielloni",1994-07-10,"https://www.transfermarkt.com/alessandro-gabrielloni/profil/spieler/311333","Centre-Forward"
"Alessandro Marcandalli",2002,"https://fbref.com/en/players/d3225ad1/Alessandro-Marcandalli",2002-10-25,"https://www.transfermarkt.com/alessandro-marcandalli/profil/spieler/818448","Centre-Back"
"Alessio Iovine",1991,"https://fbref.com/en/players/083d7173/Alessio-Iovine",1991-02-01,"https://www.transfermarkt.com/alessio-iovine/profil/spieler/330472","Right Midfield"
"Alex Munoz",1994,"https://fbref.com/en/players/853f211e/Alex-Munoz",1994-07-30,"https://www.transfermarkt.com/alex-munoz/profil/spieler/243760","Left-Back"
"Alex Valle",2004,"https://fbref.com/en/players/97022551/Alex-Valle",2004-04-25,"https://www.transfermarkt.com/alex-valle/profil/spieler/709957","Left-Back"
"Alexander Bernhardsson",1998,"https://fbref.com/en/players/dea1d183/Alexander-Bernhardsson",1998-09-08,"https://www.transfermarkt.com/alexander-bernhardsson/profil/spieler/633454","Right Winger"
"Alexander Prass",2001,"https://fbref.com/en/players/6637e6a7/Alexander-Prass",2001-05-26,"https://www.transfermarkt.com/alexander-prass/profil/spieler/434116","Left-Back"
"Ali Abdi",1993,"https://fbref.com/en/players/ad7cdb35/Ali-Abdi",1993-12-20,"https://www.transfermarkt.com/ali-abdi/profil/spieler/211474","Left-Back"
"Ali Dembele",2004,"https://fbref.com/en/players/eb3df7d9/Ali-Dembele",2004-01-05,"https://www.transfermarkt.com/ali-dembele/profil/spieler/1004344","Right Midfield"
"Alieu Fadera",2001,"https://fbref.com/en/players/53210e42/Alieu-Fadera",2001-11-03,"https://www.transfermarkt.com/alieu-fadera/profil/spieler/749552","Left Winger"
"Almugera Kabar",2006,"https://fbref.com/en/players/02a10dc0/Almugera-Kabar",2006-06-06,"https://www.transfermarkt.com/almugera-kabar/profil/spieler/884820","Left-Back"
"Alphadjo Cisse",2006,"https://fbref.com/en/players/d079becb/Alphadjo-Cisse",2006-10-22,"https://www.transfermarkt.com/alphadjo-cisse/profil/spieler/964087","Attacking Midfield"
"Altay Bayindir",1998,"https://fbref.com/en/players/072e68ed/Altay-Bayindir",1998-04-14,"https://www.transfermarkt.com/altay-bayindir/profil/spieler/336077","Goalkeeper"
"Alvaro Rodriguez",2004,"https://fbref.com/en/players/49a6ecbb/Alvaro-Rodriguez",2004-07-14,"https://www.transfermarkt.com/alvaro-rodriguez/profil/spieler/948275","Centre-Forward"
"Amidou Doumbouya",2007,"https://fbref.com/en/players/c4d2da61/Amidou-Doumbouya",2007-08-05,"https://www.transfermarkt.com/amidou-doumbouya/profil/spieler/1075574","Centre-Back"
"Andrea Mazza",2004,"https://fbref.com/en/players/f93a544c/Andrea-Mazza",2004-03-19,"https://www.transfermarkt.com/andrea-mazza/profil/spieler/815567","Goalkeeper"
"Andreas Albers",1990,"https://fbref.com/en/players/94471fb7/Andreas-Albers",1990-03-23,"https://www.transfermarkt.com/andreas-albers/profil/spieler/88647","Centre-Forward"
"Andres Garcia",2003,"https://fbref.com/en/players/40498af1/Andres-Garcia",2003-02-07,"https://www.transfermarkt.com/andres-garcia/profil/spieler/1063329","Right-Back"
"Andu Kelati",2002,"https://fbref.com/en/players/58391f96/Andu-Kelati",2002-08-13,"https://www.transfermarkt.com/andu-kelati/profil/spieler/719694","Left Winger"
"Ange Martial Tia",2006,"https://fbref.com/en/players/13579ed2/Ange-Martial-Tia",2006-11-20,"https://www.transfermarkt.com/ange-martial-tia/profil/spieler/1132634","Attacking Midfield"
"Ange-Yoan Bonny",2003,"https://fbref.com/en/players/64629ba4/Ange-Yoan-Bonny",2003-10-25,"https://www.transfermarkt.com/ange-yoan-bonny/profil/spieler/827734","Centre-Forward"
"Angel Ortiz",2004,"https://fbref.com/en/players/a2f3bbb9/Angel-Ortiz",2004-07-25,"https://www.transfermarkt.com/angel-ortiz/profil/spieler/933908","Right-Back"
"Anrie Chase",2004,"https://fbref.com/en/players/ee2cf168/Anrie-Chase",2004-03-24,"https://www.transfermarkt.com/anrie-chase/profil/spieler/948537","Centre-Back"
"Antoine Hainaut",2002,"https://fbref.com/en/players/6503f220/Antoine-Hainaut",2002-02-18,"https://www.transfermarkt.com/antoine-hainaut/profil/spieler/917375","Right-Back"
"Antonin Kinsky",2003,"https://fbref.com/en/players/b38ac6a4/Antonin-Kinsky",2003-03-13,"https://www.transfermarkt.com/antonin-kinsky/profil/spieler/725912","Goalkeeper"
"Antonio Nusa",2005,"https://fbref.com/en/players/4ab12002/Antonio-Nusa",2005-04-17,"https://www.transfermarkt.com/antonio-nusa/profil/spieler/894914","Left Winger"
"Archie Gray",2006,"https://fbref.com/en/players/f58515f5/Archie-Gray",2006-03-12,"https://www.transfermarkt.com/archie-gray/profil/spieler/922693","Defensive Midfield"
"Aristide Zossou",2005,"https://fbref.com/en/players/3dcd9017/Aristide-Zossou",2005-06-14,"https://www.transfermarkt.com/aristide-zossou/profil/spieler/1310513","Left Winger"
"Arkaitz Mariezkurrena",2005,"https://fbref.com/en/players/7c2c671c/Arkaitz-Mariezkurrena",2005-04-05,"https://www.transfermarkt.com/arkaitz-mariezkurrena/profil/spieler/962145","Left Winger"
"Armin Gigovic",2002,"https://fbref.com/en/players/d0a0858e/Armin-Gigovic",2002-04-06,"https://www.transfermarkt.com/armin-gigovic/profil/spieler/651269","Central Midfield"
"Arvid Brorsson",1999,"https://fbref.com/en/players/9f2989f4/Arvid-Brorsson",1999-05-08,"https://www.transfermarkt.com/arvid-brorsson/profil/spieler/381706","Centre-Back"
"Assan Ouedraogo",2006,"https://fbref.com/en/players/75e6fc2f/Assan-Ouedraogo",2006-05-09,"https://www.transfermarkt.com/assan-ouedraogo/profil/spieler/897424","Central Midfield"
"Augustine Boakye",2000,"https://fbref.com/en/players/59e9edb5/Augustine-Boakye",2000-11-03,"https://www.transfermarkt.com/augustine-boakye/profil/spieler/579263","Attacking Midfield"
"Aurele Amenda",2003,"https://fbref.com/en/players/1227a22d/Aurele-Amenda",2003-07-31,"https://www.transfermarkt.com/aurele-amenda/profil/spieler/635645","Centre-Back"
"Axel Tape",2007,"https://fbref.com/en/players/75cde619/Axel-Tape",2007-08-10,"https://www.transfermarkt.com/axel-tape/profil/spieler/1077670","Centre-Back"
"Ayden Heaven",2006,"https://fbref.com/en/players/64e17fab/Ayden-Heaven",2006-09-22,"https://www.transfermarkt.com/ayden-heaven/profil/spieler/1078163","Centre-Back"
"Bazoumana Toure",2006,"https://fbref.com/en/players/93945a50/Bazoumana-Toure",2006-03-02,"https://www.transfermarkt.com/bazoumana-toure/profil/spieler/1067904","Left Winger"
"Ben Old",2002,"https://fbref.com/en/players/e14e818c/Ben-Old",2002-08-13,"https://www.transfermarkt.com/ben-old/profil/spieler/617021","Left Winger"
"Ben Viadere",2005,"https://fbref.com/en/players/88fe0c2d/Ben-Viadere",2005-09-02,"https://www.transfermarkt.com/ben-viadere/profil/spieler/1048496","Attacking Midfield"
"Bence Dardai",2006,"https://fbref.com/en/players/dcb6f03c/Bence-Dardai",2006-01-24,"https://www.transfermarkt.com/bence-dardai/profil/spieler/789252","Attacking Midfield"
"Benedikt Pichler",1997,"https://fbref.com/en/players/c184c8c8/Benedikt-Pichler",1997-07-20,"https://www.transfermarkt.com/benedikt-pichler/profil/spieler/331362","Centre-Forward"
"Benjamin Bouchouari",2001,"https://fbref.com/en/players/599f9013/Benjamin-Bouchouari",2001-11-13,"https://www.transfermarkt.com/benjamin-bouchouari/profil/spieler/783094","Central Midfield"
"Benjamin Siegrist",1992,"https://fbref.com/en/players/46912ffe/Benjamin-Siegrist",1992-01-31,"https://www.transfermarkt.com/benjamin-siegrist/profil/spieler/111426","Goalkeeper"
"Bilal El Khannouss",2004,"https://fbref.com/en/players/f7042636/Bilal-El-Khannouss",2004-05-10,"https://www.transfermarkt.com/bilal-el-khannouss/profil/spieler/654982","Attacking Midfield"
"Bobby De Cordova-Reid",1993,"https://fbref.com/en/players/0f7533cd/Bobby-De-Cordova-Reid",1993-02-02,"https://www.transfermarkt.com/bobby-de-cordova-reid/profil/spieler/186186","Right Winger"
"Bojan Miovski",1999,"https://fbref.com/en/players/72e442c5/Bojan-Miovski",1999-06-24,"https://www.transfermarkt.com/bojan-miovski/profil/spieler/476219","Centre-Forward"
"Borna Barisic",1992,"https://fbref.com/en/players/712dd708/Borna-Barisic",1992-11-10,"https://www.transfermarkt.com/borna-barisic/profil/spieler/39125","Left-Back"
"Budu Zivzivadze",1994,"https://fbref.com/en/players/e3a72b89/Budu-Zivzivadze",1994-03-10,"https://www.transfermarkt.com/budu-zivzivadze/profil/spieler/187097","Centre-Forward"
"Caleb Kporha",2006,"https://fbref.com/en/players/c80f8c9d/Caleb-Kporha",2006-07-15,"https://www.transfermarkt.com/caleb-kporha/profil/spieler/1047261","Right-Back"
"Cameron Burgess",1995,"https://fbref.com/en/players/da61ca98/Cameron-Burgess",1995-10-21,"https://www.transfermarkt.com/cameron-burgess/profil/spieler/255788","Centre-Back"
"Can Uzun",2005,"https://fbref.com/en/players/1d0b134a/Can-Uzun",2005-11-11,"https://www.transfermarkt.com/can-uzun/profil/spieler/816585","Attacking Midfield"
"Carl Johansson",1994,"https://fbref.com/en/players/02f7a79a/Carl-Johansson",1994-05-23,"https://www.transfermarkt.com/carl-johansson/profil/spieler/225043","Centre-Back"
"Carlos Forbs",2004,"https://fbref.com/en/players/8a310070/Carlos-Forbs",2004-03-19,"https://www.transfermarkt.com/carlos-forbs/profil/spieler/742451","Left Winger"
"Casper Tengstedt",2000,"https://fbref.com/en/players/ff2fb007/Casper-Tengstedt",2000-06-01,"https://www.transfermarkt.com/casper-tengstedt/profil/spieler/464598","Centre-Forward"
"Christantus Uche",2003,"https://fbref.com/en/players/87941696/Christantus-Uche",2003-05-19,"https://www.transfermarkt.com/christantus-uche/profil/spieler/1124005","Attacking Midfield"
"Claudio Echeverri",2006,"https://fbref.com/en/players/49a605df/Claudio-Echeverri",2006-01-02,"https://www.transfermarkt.com/claudio-echeverri/profil/spieler/994536","Attacking Midfield"
"Clement Akpa",2001,"https://fbref.com/en/players/0abb5072/Clement-Akpa",2001-11-24,"https://www.transfermarkt.com/clement-akpa/profil/spieler/806793","Centre-Back"
"Coba da Costa",2002,"https://fbref.com/en/players/0b3358f0/Coba-da-Costa",2002-07-26,"https://www.transfermarkt.com/coba-da-costa/profil/spieler/1033005","Left Winger"
"Cole Campbell",2006,"https://fbref.com/en/players/fbb270b2/Cole-Campbell",2006-02-20,"https://www.transfermarkt.com/cole-campbell/profil/spieler/866579","Right Winger"
"Connor Metcalfe",1999,"https://fbref.com/en/players/73ce4d7d/Connor-Metcalfe",1999-11-05,"https://www.transfermarkt.com/connor-metcalfe/profil/spieler/522223","Central Midfield"
"Damian Pizarro",2005,"https://fbref.com/en/players/464e03ef/Damian-Pizarro",2005-03-28,"https://www.transfermarkt.com/damian-pizarro/profil/spieler/950593","Centre-Forward"
"Dani Cardenas",1997,"https://fbref.com/en/players/e1846dde/Dani-Cardenas",1997-03-28,"https://www.transfermarkt.com/dani-cardenas/profil/spieler/397676","Goalkeeper"
"Daniel Fila",2002,"https://fbref.com/en/players/383a628e/Daniel-Fila",2002-08-21,"https://www.transfermarkt.com/daniel-fila/profil/spieler/666268","Centre-Forward"
"Daniel Mosquera",1999,"https://fbref.com/en/players/091b9eb8/Daniel-Mosquera",1999-10-20,"https://www.transfermarkt.com/daniel-mosquera/profil/spieler/651569","Centre-Forward"
"Daniel Oyegoke",2003,"https://fbref.com/en/players/c9866d69/Daniel-Oyegoke",2003-01-03,"https://www.transfermarkt.com/daniel-oyegoke/profil/spieler/586984","Right-Back"
"Daniel Peretz",2000,"https://fbref.com/en/players/3f29b3ba/Daniel-Peretz",2000-07-10,"https://www.transfermarkt.com/daniel-peretz/profil/spieler/468539","Goalkeeper"
"Daniel Svensson",2002,"https://fbref.com/en/players/124c9382/Daniel-Svensson",2002-02-12,"https://www.transfermarkt.com/daniel-svensson/profil/spieler/579287","Left-Back"
"Daniele Ghilardi",2003,"https://fbref.com/en/players/9cedad4b/Daniele-Ghilardi",2003-01-06,"https://www.transfermarkt.com/daniele-ghilardi/profil/spieler/701819","Centre-Back"
"Daniele Sommariva",1997,"https://fbref.com/en/players/a8e7f7e9/Daniele-Sommariva",1997-07-18,"https://www.transfermarkt.com/daniele-sommariva/profil/spieler/312773","Goalkeeper"
"Danilo Veiga",2002,"https://fbref.com/en/players/cc094532/Danilo-Veiga",2002-09-25,"https://www.transfermarkt.com/danilo-veiga/profil/spieler/728485","Right-Back"
"Darryl Bakola",2007,"https://fbref.com/en/players/57de24a3/Darryl-Bakola",2007-11-30,"https://www.transfermarkt.com/darryl-bakola/profil/spieler/1170286","Attacking Midfield"
"David Lopez",2003,"https://fbref.com/en/players/0924357d/David-Lopez",2003-02-03,"https://www.transfermarkt.com/david-lopez/profil/spieler/947431","Centre-Back"
"David Mokwa",2004,"https://fbref.com/en/players/f8bd4ad4/David-Mokwa",2004-05-03,"https://www.transfermarkt.com/david-mokwa/profil/spieler/974894","Centre-Forward"
"David Odogu",2006,"https://fbref.com/en/players/6a58d68c/David-Odogu",2006-06-03,"https://www.transfermarkt.com/david-odogu/profil/spieler/897423","Centre-Back"
"David Preu",2004,"https://fbref.com/en/players/6dcc8d89/David-Preu",2004-10-26,"https://www.transfermarkt.com/david-preu/profil/spieler/745075","Left Winger"
"David Zec",2000,"https://fbref.com/en/players/050cd03c/David-Zec",2000-01-05,"https://www.transfermarkt.com/david-zec/profil/spieler/469709","Centre-Back"
"Devis Vasquez",1998,"https://fbref.com/en/players/fac1f795/Devis-Vasquez",1998-05-12,"https://www.transfermarkt.com/devis-vasquez/profil/spieler/495722","Goalkeeper"
"Diego Gomez",2003,"https://fbref.com/en/players/916728da/Diego-Gomez",2003-03-27,"https://www.transfermarkt.com/diego-gomez/profil/spieler/996897","Central Midfield"
"Dinko Horkas",1999,"https://fbref.com/en/players/8fafc04d/Dinko-Horkas",1999-03-10,"https://www.transfermarkt.com/dinko-horkas/profil/spieler/357770","Goalkeeper"
"Djylian N'Guessan",2008,"https://fbref.com/en/players/63b27fab/Djylian-NGuessan",2008-08-30,"https://www.transfermarkt.com/djylian-nguessan/profil/spieler/1200419","Centre-Forward"
"Dominik Javorcek",2002,"https://fbref.com/en/players/3a2cf67d/Dominik-Javorcek",2002-11-02,"https://www.transfermarkt.com/dominik-javorcek/profil/spieler/610608","Left-Back"
"Duk",2000,"https://fbref.com/en/players/777c02e8/Duk",2000-02-16,"https://www.transfermarkt.com/duktm/profil/spieler/535959","Left Winger"
"Eiran Cashin",2001,"https://fbref.com/en/players/f557c3b8/Eiran-Cashin",2001-11-09,"https://www.transfermarkt.com/eiran-cashin/profil/spieler/581330","Centre-Back"
"Elias Saad",1999,"https://fbref.com/en/players/78a2284f/Elias-Saad",1999-12-27,"https://www.transfermarkt.com/elias-saad/profil/spieler/526466","Left Winger"
"Elysee Logbo",2004,"https://fbref.com/en/players/daa11a4f/Elysee-Logbo",2004-05-06,"https://www.transfermarkt.com/elysee-logbo/profil/spieler/770407","Centre-Forward"
"Emmanuel Biumla",2005,"https://fbref.com/en/players/e5a94f46/Emmanuel-Biumla",2005-05-08,"https://www.transfermarkt.com/emmanuel-biumla/profil/spieler/1071956","Centre-Back"
"Enzo Boyomo",2001,"https://fbref.com/en/players/3a99bc13/Enzo-Boyomo",2001-10-07,"https://www.transfermarkt.com/enzo-boyomo/profil/spieler/541555","Centre-Back"
"Erencan Yardimci",2002,"https://fbref.com/en/players/b7481dc0/Erencan-Yardimci",2002-02-04,"https://www.transfermarkt.com/erencan-yardimci/profil/spieler/618898","Centre-Forward"
"Eric Smith",1997,"https://fbref.com/en/players/8817312f/Eric-Smith",1997-01-08,"https://www.transfermarkt.com/eric-smith/profil/spieler/292534","Centre-Back"
"Eric da Silva Moreira",2006,"https://fbref.com/en/players/0a4f579a/Eric-da-Silva-Moreira",2006-05-03,"https://www.transfermarkt.com/eric-da-silva-moreira/profil/spieler/897481","Right Midfield"
"Erik Ahlstrand",2001,"https://fbref.com/en/players/f6b692c0/Erik-Ahlstrand",2001-10-14,"https://www.transfermarkt.com/erik-ahlstrand/profil/spieler/501049","Central Midfield"
"Esteban Lepaul",2000,"https://fbref.com/en/players/85ce1949/Esteban-Lepaul",2000-04-18,"https://www.transfermarkt.com/esteban-lepaul/profil/spieler/461607","Centre-Forward"
"Facundo Garces",1999,"https://fbref.com/en/players/20c88f8f/Facundo-Garces",1999-09-05,"https://www.transfermarkt.com/facundo-garces/profil/spieler/533354","Centre-Back"
"Fellipe Jack",2006,"https://fbref.com/en/players/cace4967/Fellipe-Jack",2006-01-12,"https://www.transfermarkt.com/fellipe-jack/profil/spieler/1004723","Centre-Back"
"Ferdi Kadioglu",1999,"https://fbref.com/en/players/66c52a77/Ferdi-Kadioglu",1999-10-07,"https://www.transfermarkt.com/ferdi-kadioglu/profil/spieler/369316","Left-Back"
"Filip Marchwinski",2002,"https://fbref.com/en/players/55a88fd9/Filip-Marchwinski",2002-01-10,"https://www.transfermarkt.com/filip-marchwinski/profil/spieler/555106","Attacking Midfield"
"Finn Jeltsch",2006,"https://fbref.com/en/players/227c9f36/Finn-Jeltsch",2006-07-17,"https://www.transfermarkt.com/finn-jeltsch/profil/spieler/924117","Centre-Back"
"Finn Porath",1997,"https://fbref.com/en/players/b020d807/Finn-Porath",1997-02-23,"https://www.transfermarkt.com/finn-porath/profil/spieler/241307","Attacking Midfield"
"Florian Micheler",2005,"https://fbref.com/en/players/0024cb81/Florian-Micheler",2005-05-17,"https://www.transfermarkt.com/florian-micheler/profil/spieler/808664","Central Midfield"
"Florinel Coman",1998,"https://fbref.com/en/players/a9440c25/Florinel-Coman",1998-04-10,"https://www.transfermarkt.com/florinel-coman/profil/spieler/340982","Left Winger"
"Fran Vieites",1999,"https://fbref.com/en/players/2ae958ab/Fran-Vieites",1999-05-07,"https://www.transfermarkt.com/fran-vieites/profil/spieler/551182","Goalkeeper"
"Frank Feller",2004,"https://fbref.com/en/players/ccd0981f/Frank-Feller",2004-01-07,"https://www.transfermarkt.com/frank-feller/profil/spieler/806948","Goalkeeper"
"Gabriel Charpentier",1999,"https://fbref.com/en/players/c52bea9e/Gabriel-Charpentier",1999-05-17,"https://www.transfermarkt.com/gabriel-charpentier/profil/spieler/660342","Centre-Forward"
"Gabriel Magalhaes",1997,"https://fbref.com/en/players/67ac5bb8/Gabriel-Magalhaes",1997-12-19,"https://www.transfermarkt.com/gabriel-magalhaes/profil/spieler/435338","Centre-Back"
"Gabriel Moscardo",2005,"https://fbref.com/en/players/709d3f52/Gabriel-Moscardo",2005-09-28,"https://www.transfermarkt.com/gabriel-moscardo/profil/spieler/1086636","Defensive Midfield"
"Gaby Jean",2000,"https://fbref.com/en/players/5f130a19/Gaby-Jean",2000-02-19,"https://www.transfermarkt.com/gaby-jean/profil/spieler/805886","Centre-Back"
"George Ilenikhena",2006,"https://fbref.com/en/players/78c3ad07/George-Ilenikhena",2006-08-16,"https://www.transfermarkt.com/george-ilenikhena/profil/spieler/1004834","Centre-Forward"
"Gerard Martin",2002,"https://fbref.com/en/players/b792c59d/Gerard-Martin",2002-02-26,"https://www.transfermarkt.com/gerard-martin/profil/spieler/705395","Left-Back"
"Giovanni Leoni",2006,"https://fbref.com/en/players/570888ce/Giovanni-Leoni",2006-12-21,"https://www.transfermarkt.com/giovanni-leoni/profil/spieler/1086619","Centre-Back"
"Goduine Koyalipou",2000,"https://fbref.com/en/players/2659a508/Goduine-Koyalipou",2000-02-15,"https://www.transfermarkt.com/goduine-koyalipou/profil/spieler/525140","Centre-Forward"
"Gustavo Nunes",2005,"https://fbref.com/en/players/e504780f/Gustavo-Nunes",2005-11-20,"https://www.transfermarkt.com/gustavo-nunes/profil/spieler/1086375","Left Winger"
"Hakon Rafn Valdimarsson",2001,"https://fbref.com/en/players/57a34cf4/Hakon-Rafn-Valdimarsson",2001-10-13,"https://www.transfermarkt.com/hakon-rafn-valdimarsson/profil/spieler/488935","Goalkeeper"
"Hamidou Makalou",2006,"https://fbref.com/en/players/8fe2fb2a/Hamidou-Makalou",2006-07-15,"https://www.transfermarkt.com/hamidou-makalou/profil/spieler/1200289","Defensive Midfield"
"Hamzat Ojediran",2003,"https://fbref.com/en/players/25124a21/Hamzat-Ojediran",2003-11-14,"https://www.transfermarkt.com/hamzat-ojediran/profil/spieler/718312","Defensive Midfield"
"Haris Tabakovic",1994,"https://fbref.com/en/players/723b19c7/Haris-Tabakovic",1994-06-20,"https://www.transfermarkt.com/haris-tabakovic/profil/spieler/203123","Centre-Forward"
"Harry Amass",2007,"https://fbref.com/en/players/7b47100c/Harry-Amass",2007-03-16,"https://www.transfermarkt.com/harry-amass/profil/spieler/1011738","Left-Back"
"Hauke Wahl",1994,"https://fbref.com/en/players/f3db5b34/Hauke-Wahl",1994-04-15,"https://www.transfermarkt.com/hauke-wahl/profil/spieler/154147","Centre-Back"
"Henri Koudossou",1999,"https://fbref.com/en/players/2b9745cb/Henri-Koudossou",1999-09-03,"https://www.transfermarkt.com/henri-koudossou/profil/spieler/515624","Right-Back"
"Hiroki Sekine",2002,"https://fbref.com/en/players/7304dd80/Hiroki-Sekine",2002-08-11,"https://www.transfermarkt.com/hiroki-sekine/profil/spieler/1137808","Right-Back"
"Honest Ahanor",2008,"https://fbref.com/en/players/42ff58c3/Honest-Ahanor",2008-02-23,"https://www.transfermarkt.com/honest-ahanor/profil/spieler/1077175","Left-Back"
"Ibrahim Alani",2006,"https://fbref.com/en/players/36fd9c52/Ibrahim-Alani",2006-07-29,"https://www.transfermarkt.com/ibrahim-alani/profil/spieler/1367276","Central Midfield"
"Ibrahim Mbaye",2008,"https://fbref.com/en/players/201b4ee4/Ibrahim-Mbaye",2008-01-24,"https://www.transfermarkt.com/ibrahim-mbaye/profil/spieler/1185888","Right Winger"
"Ibrahim Sissoko",1995,"https://fbref.com/en/players/a170541f/Ibrahim-Sissoko",1995-11-27,"https://www.transfermarkt.com/ibrahim-sissoko/profil/spieler/484888","Centre-Forward"
"Ibrahima Wadji",1995,"https://fbref.com/en/players/c844f6f9/Ibrahima-Wadji",1995-05-05,"https://www.transfermarkt.com/ibrahima-wadji/profil/spieler/364232","Centre-Forward"
"Igor Matanovic",2003,"https://fbref.com/en/players/948e1292/Igor-Matanovic",2003-03-31,"https://www.transfermarkt.com/igor-matanovic/profil/spieler/605268","Centre-Forward"
"Igor Miladinovic",2003,"https://fbref.com/en/players/3ba938b6/Igor-Miladinovic",2003-06-08,"https://www.transfermarkt.com/igor-miladinovic/profil/spieler/729872","Attacking Midfield"
"Iker Losada",2001,"https://fbref.com/en/players/41521385/Iker-Losada",2001-08-01,"https://www.transfermarkt.com/iker-losada/profil/spieler/632741","Second Striker"
"Isaac Romero",2000,"https://fbref.com/en/players/be719093/Isaac-Romero",2000-05-18,"https://www.transfermarkt.com/isaac-romero/profil/spieler/687609","Centre-Forward"
"Ismael Bekhoucha",2004,"https://fbref.com/en/players/e42c0f53/Ismael-Bekhoucha",2004-11-20,"https://www.transfermarkt.com/ismael-bekhoucha/profil/spieler/1164331","Right-Back"
"Ismael Konate",2006,"https://fbref.com/en/players/351ab035/Ismael-Konate",2006-03-29,"https://www.transfermarkt.com/ismael-konate/profil/spieler/936745","Centre-Forward"
"Issa Doumbia",2003,"https://fbref.com/en/players/b74fc282/Issa-Doumbia",2003-10-16,"https://www.transfermarkt.com/issa-doumbia/profil/spieler/924349","Central Midfield"
"Ivan Nekic",2000,"https://fbref.com/en/players/d5656169/Ivan-Nekic",2000-12-24,"https://www.transfermarkt.com/ivan-nekic/profil/spieler/464333","Centre-Back"
"Ivan Prtajin",1996,"https://fbref.com/en/players/f297a3f1/Ivan-Prtajin",1996-05-14,"https://www.transfermarkt.com/ivan-prtajin/profil/spieler/340700","Centre-Forward"
"Ivan Smolcic",2000,"https://fbref.com/en/players/08e57960/Ivan-Smolcic",2000-08-17,"https://www.transfermarkt.com/ivan-smolcic/profil/spieler/571271","Right-Back"
"Jacob Ondrejka",2002,"https://fbref.com/en/players/752e09ed/Jacob-Ondrejka",2002-09-02,"https://www.transfermarkt.com/jacob-ondrejka/profil/spieler/663237","Left Winger"
"Jacopo Bacci",2005,"https://fbref.com/en/players/9ce30308/Jacopo-Bacci",2005-06-19,"https://www.transfermarkt.com/jacopo-bacci/profil/spieler/960941","Central Midfield"
"Jacopo Seghetti",2005,"https://fbref.com/en/players/70a10677/Jacopo-Seghetti",2005-02-17,"https://www.transfermarkt.com/jacopo-seghetti/profil/spieler/935777","Goalkeeper"
"Jacques Ekomie",2003,"https://fbref.com/en/players/8d5016e6/Jacques-Ekomie",2003-08-19,"https://www.transfermarkt.com/jacques-ekomie/profil/spieler/970279","Left-Back"
"Jakov Medic",1998,"https://fbref.com/en/players/5f5ebdae/Jakov-Medic",1998-09-07,"https://www.transfermarkt.com/jakov-medic/profil/spieler/488755","Centre-Back"
"Jakub Stolarczyk",2000,"https://fbref.com/en/players/a4a76b3d/Jakub-Stolarczyk",2000-12-19,"https://www.transfermarkt.com/jakub-stolarczyk/profil/spieler/486144","Goalkeeper"
"Jamie Gittens",2004,"https://fbref.com/en/players/10745192/Jamie-Gittens",2004-08-08,"https://www.transfermarkt.com/jamie-gittens/profil/spieler/670882","Left Winger"
"Javi Rodriguez",2003,"https://fbref.com/en/players/08ec5e71/Javi-Rodriguez",2003-06-27,"https://www.transfermarkt.com/javi-rodriguez/profil/spieler/1076815","Centre-Back"
"Jaydee Canvot",2006,"https://fbref.com/en/players/3684108d/Jaydee-Canvot",2006-07-29,"https://www.transfermarkt.com/jaydee-canvot/profil/spieler/1006411","Centre-Back"
"Jean Butez",1995,"https://fbref.com/en/players/7f40333d/Jean-Butez",1995-06-08,"https://www.transfermarkt.com/jean-butez/profil/spieler/290537","Goalkeeper"
"Jeff Ekhator",2006,"https://fbref.com/en/players/faf739d2/Jeff-Ekhator",2006-11-11,"https://www.transfermarkt.com/jeff-ekhator/profil/spieler/934878","Centre-Forward"
"Jeremy Agbonifo",2005,"https://fbref.com/en/players/3d6aaa54/Jeremy-Agbonifo",2005-10-24,"https://www.transfermarkt.com/jeremy-agbonifo/profil/spieler/1057820","Right Winger"
"Jesper Karlstrom",1995,"https://fbref.com/en/players/e0a1f4eb/Jesper-Karlstrom",1995-06-21,"https://www.transfermarkt.com/jesper-karlstrom/profil/spieler/222855","Defensive Midfield"
"Jesus Rodriguez",2005,"https://fbref.com/en/players/f9f74e43/Jesus-Rodriguez",2005-11-21,"https://www.transfermarkt.com/jesus-rodriguez/profil/spieler/1190411","Left Winger"
"Joachim Kayi Sanda",2006,"https://fbref.com/en/players/e2b2a181/Joachim-Kayi-Sanda",2006-11-29,"https://www.transfermarkt.com/joachim-kayi-sanda/profil/spieler/986298","Centre-Back"
"Joao Neves",2004,"https://fbref.com/en/players/c2a15a27/Joao-Neves",2004-09-27,"https://www.transfermarkt.com/joao-neves/profil/spieler/670681","Defensive Midfield"
"Joel Schingtienne",2002,"https://fbref.com/en/players/35a4790e/Joel-Schingtienne",2002-08-14,"https://www.transfermarkt.com/joel-schingtienne/profil/spieler/707809","Centre-Back"
"Johan Manzambi",2005,"https://fbref.com/en/players/8fcf0e12/Johan-Manzambi",2005-10-14,"https://www.transfermarkt.com/johan-manzambi/profil/spieler/927353","Central Midfield"
"Jon Martin",2006,"https://fbref.com/en/players/df33ecb5/Jon-Martin",2006-04-23,"https://www.transfermarkt.com/jon-martin/profil/spieler/1018938","Centre-Back"
"Jonas Rouhi",2004,"https://fbref.com/en/players/31908a0a/Jonas-Rouhi",2004-01-07,"https://www.transfermarkt.com/jonas-rouhi/profil/spieler/741090","Left-Back"
"Juan Berrocal",1999,"https://fbref.com/en/players/377ef3a6/Juan-Berrocal",1999-02-05,"https://www.transfermarkt.com/juan-berrocal/profil/spieler/461843","Centre-Back"
"Julian Chicco",1998,"https://fbref.com/en/players/92dacb99/Julian-Chicco",1998-01-13,"https://www.transfermarkt.com/julian-chicco/profil/spieler/401583","Defensive Midfield"
"Julian Niehues",2001,"https://fbref.com/en/players/5bc27912/Julian-Niehues",2001-04-17,"https://www.transfermarkt.com/julian-niehues/profil/spieler/530173","Defensive Midfield"
"Julio Soler",2005,"https://fbref.com/en/players/98c8559a/Julio-Soler",2005-02-16,"https://www.transfermarkt.com/julio-soler/profil/spieler/1009658","Left-Back"
"Juma Bah",2006,"https://fbref.com/en/players/7b505397/Juma-Bah",2006-04-11,"https://www.transfermarkt.com/juma-bah/profil/spieler/1121298","Centre-Back"
"Junior Ajayi",2004,"https://fbref.com/en/players/cab600a8/Junior-Ajayi",2004-10-11,"https://www.transfermarkt.com/junior-ajayi/profil/spieler/1111820","Centre-Forward"
"Junior Ndiaye",2005,"https://fbref.com/en/players/03412e45/Junior-Ndiaye",2005-03-29,"https://www.transfermarkt.com/junior-ndiaye/profil/spieler/986262","Centre-Forward"
"Justin Bourgault",2005,"https://fbref.com/en/players/2db7975a/Justin-Bourgault",2005-09-14,"https://www.transfermarkt.com/justin-bourgault/profil/spieler/1030153","Left-Back"
"Justin Devenny",2003,"https://fbref.com/en/players/6c2b66fc/Justin-Devenny",2003-10-11,"https://www.transfermarkt.com/justin-devenny/profil/spieler/747009","Central Midfield"
"Kaelan Casey",2004,"https://fbref.com/en/players/cd4b2c5f/Kaelan-Casey",2004-10-28,"https://www.transfermarkt.com/kaelan-casey/profil/spieler/845321","Centre-Back"
"Kaishu Sano",2000,"https://fbref.com/en/players/7a7a6361/Kaishu-Sano",2000-12-30,"https://www.transfermarkt.com/kaishu-sano/profil/spieler/643574","Defensive Midfield"
"Kaua Santos",2003,"https://fbref.com/en/players/c7c50cb5/Kaua-Santos",2003-04-11,"https://www.transfermarkt.com/kaua-santos/profil/spieler/997861","Goalkeeper"
"Kazeem Olaigbe",2003,"https://fbref.com/en/players/f3ec7e64/Kazeem-Olaigbe",2003-01-02,"https://www.transfermarkt.com/kazeem-olaigbe/profil/spieler/565406","Left Winger"
"Kevin Martins",2005,"https://fbref.com/en/players/c1451401/Kevin-Martins",2005-01-31,"https://www.transfermarkt.com/kevin-martins/profil/spieler/724069","Right Winger"
"Kjetil Haug",1998,"https://fbref.com/en/players/d3ae48eb/Kjetil-Haug",1998-06-12,"https://www.transfermarkt.com/kjetil-haug/profil/spieler/328770","Goalkeeper"
"Koji Miyoshi",1997,"https://fbref.com/en/players/77bf714c/Koji-Miyoshi",1997-03-26,"https://www.transfermarkt.com/koji-miyoshi/profil/spieler/295060","Right Midfield"
"Konstantinos Koulierakis",2003,"https://fbref.com/en/players/cba21b0d/Konstantinos-Koulierakis",2003-11-28,"https://www.transfermarkt.com/konstantinos-koulierakis/profil/spieler/669380","Centre-Back"
"Kosta Nedeljkovic",2005,"https://fbref.com/en/players/c70be9cf/Kosta-Nedeljkovic",2005-12-16,"https://www.transfermarkt.com/kosta-nedeljkovic/profil/spieler/848682","Right-Back"
"Kyogo Furuhashi",1995,"https://fbref.com/en/players/fd4d5f81/Kyogo-Furuhashi",1995-01-20,"https://www.transfermarkt.com/kyogo-furuhashi/profil/spieler/489463","Centre-Forward"
"Ladislav Krejci",1999,"https://fbref.com/en/players/5b5c2228/Ladislav-Krejci",1999-04-20,"https://www.transfermarkt.com/ladislav-krejci/profil/spieler/345911","Centre-Back"
"Lars Ritzka",1998,"https://fbref.com/en/players/35d23b15/Lars-Ritzka",1998-05-07,"https://www.transfermarkt.com/lars-ritzka/profil/spieler/333903","Left-Back"
"Lasse Riess",2001,"https://fbref.com/en/players/25877714/Lasse-Riess",2001-07-27,"https://www.transfermarkt.com/lasse-riess/profil/spieler/490609","Goalkeeper"
"Lasse Rosenboom",2002,"https://fbref.com/en/players/1df23153/Lasse-Rosenboom",2002-01-19,"https://www.transfermarkt.com/lasse-rosenboom/profil/spieler/512352","Right-Back"
"Lasso Coulibaly",2002,"https://fbref.com/en/players/78310540/Lasso-Coulibaly",2002-10-19,"https://www.transfermarkt.com/lasso-coulibaly/profil/spieler/658534","Right Winger"
"Leo Roman",2000,"https://fbref.com/en/players/924ff27e/Leo-Roman",2000-07-06,"https://www.transfermarkt.com/leo-roman/profil/spieler/562742","Goalkeeper"
"Leo Scienza",1998,"https://fbref.com/en/players/79064bc9/Leo-Scienza",1998-09-13,"https://www.transfermarkt.com/leo-scienza/profil/spieler/804219","Left Winger"
"Leopold Querfeld",2003,"https://fbref.com/en/players/9fd158d6/Leopold-Querfeld",2003-12-20,"https://www.transfermarkt.com/leopold-querfeld/profil/spieler/597432","Centre-Back"
"Lorenzo Tosto",2006,"https://fbref.com/en/players/a8c67cdb/Lorenzo-Tosto",2006-01-29,"https://www.transfermarkt.com/lorenzo-tosto/profil/spieler/942814","Centre-Back"
"Lorenzo Venturino",2006,"https://fbref.com/en/players/a5049464/Lorenzo-Venturino",2006-06-22,"https://www.transfermarkt.com/lorenzo-venturino/profil/spieler/1061820","Right Winger"
"Louis Leroux",2006,"https://fbref.com/en/players/88972aa9/Louis-Leroux",2006-01-23,"https://www.transfermarkt.com/louis-leroux/profil/spieler/1119456","Attacking Midfield"
"Louis Mouton",2002,"https://fbref.com/en/players/c37823fe/Louis-Mouton",2002-06-03,"https://www.transfermarkt.com/louis-mouton/profil/spieler/904662","Central Midfield"
"Luca Jaquez",2003,"https://fbref.com/en/players/a400da8e/Luca-Jaquez",2003-06-02,"https://www.transfermarkt.com/luca-jaquez/profil/spieler/539798","Centre-Back"
"Luca Kerber",2002,"https://fbref.com/en/players/c107935c/Luca-Kerber",2002-03-10,"https://www.transfermarkt.com/luca-kerber/profil/spieler/809498","Central Midfield"
"Luca Marianucci",2004,"https://fbref.com/en/players/64e6778a/Luca-Marianucci",2004-07-23,"https://www.transfermarkt.com/luca-marianucci/profil/spieler/814446","Centre-Back"
"Lucas Bergvall",2006,"https://fbref.com/en/players/a109e5c8/Lucas-Bergvall",2006-02-02,"https://www.transfermarkt.com/lucas-bergvall/profil/spieler/866246","Central Midfield"
"Lucas Gourna-Douath",2003,"https://fbref.com/en/players/3cd7820a/Lucas-Gourna-Douath",2003-08-05,"https://www.transfermarkt.com/lucas-gourna-douath/profil/spieler/620313","Defensive Midfield"
"Lucas Michal",2005,"https://fbref.com/en/players/0c7b1c91/Lucas-Michal",2005-06-22,"https://www.transfermarkt.com/lucas-michal/profil/spieler/810909","Left Winger"
"Lucas Stassin",2004,"https://fbref.com/en/players/a47d6f3a/Lucas-Stassin",2004-11-29,"https://www.transfermarkt.com/lucas-stassin/profil/spieler/655012","Centre-Forward"
"Luck Zogbe",2005,"https://fbref.com/en/players/3725b44f/Luck-Zogbe",2005-03-24,"https://www.transfermarkt.com/luck-zogbe/profil/spieler/1144999","Right-Back"
"Luis Guilherme",2006,"https://fbref.com/en/players/b7672d43/Luis-Guilherme",2006-02-09,"https://www.transfermarkt.com/luis-guilherme/profil/spieler/991800","Right Winger"
"Luka Sucic",2002,"https://fbref.com/en/players/1e1378e1/Luka-Sucic",2002-09-08,"https://www.transfermarkt.com/luka-sucic/profil/spieler/502722","Central Midfield"
"Maarten Vandevoordt",2002,"https://fbref.com/en/players/f9e0c603/Maarten-Vandevoordt",2002-02-26,"https://www.transfermarkt.com/maarten-vandevoordt/profil/spieler/486046","Goalkeeper"
"Maat Daniel Caprini",2006,"https://fbref.com/en/players/183934cd/Maat-Daniel-Caprini",2006-02-11,"https://www.transfermarkt.com/maat-daniel-caprini/profil/spieler/996453","Left Winger"
"Mads Hermansen",2000,"https://fbref.com/en/players/c924b17d/Mads-Hermansen",2000-07-11,"https://www.transfermarkt.com/mads-hermansen/profil/spieler/400536","Goalkeeper"
"Magnus Knudsen",2001,"https://fbref.com/en/players/a48fb0c7/Magnus-Knudsen",2001-06-15,"https://www.transfermarkt.com/magnus-knudsen/profil/spieler/651735","Central Midfield"
"Malcolm Jeng",2005,"https://fbref.com/en/players/8dbf56c8/Malcolm-Jeng",2005-03-09,"https://www.transfermarkt.com/malcolm-jeng/profil/spieler/1126894","Centre-Back"
"Mandela Keita",2002,"https://fbref.com/en/players/f5692b25/Mandela-Keita",2002-05-10,"https://www.transfermarkt.com/mandela-keita/profil/spieler/707844","Defensive Midfield"
"Manolis Saliakas",1996,"https://fbref.com/en/players/18fe6d90/Manolis-Saliakas",1996-09-12,"https://www.transfermarkt.com/manolis-saliakas/profil/spieler/242661","Right-Back"
"Manu Bueno",2004,"https://fbref.com/en/players/c5642098/Manu-Bueno",2004-07-27,"https://www.transfermarkt.com/manu-bueno/profil/spieler/766723","Central Midfield"
"Manu Kone",2001,"https://fbref.com/en/players/86574238/Manu-Kone",2001-05-17,"https://www.transfermarkt.com/manu-kone/profil/spieler/624690","Central Midfield"
"Marc Bernal",2007,"https://fbref.com/en/players/29117812/Marc-Bernal",2007-05-26,"https://www.transfermarkt.com/marc-bernal/profil/spieler/1018920","Defensive Midfield"
"Marc Domenech",2006,"https://fbref.com/en/players/54880c9b/Marc-Domenech",2006-12-01,"https://www.transfermarkt.com/marc-domenech/profil/spieler/1296876","Centre-Forward"
"Marco Grull",1998,"https://fbref.com/en/players/8babb812/Marco-Grull",1998-07-06,"https://www.transfermarkt.com/marco-grull/profil/spieler/391766","Left Winger"
"Marco Komenda",1996,"https://fbref.com/en/players/e7efcdb8/Marco-Komenda",1996-11-26,"https://www.transfermarkt.com/marco-komenda/profil/spieler/335631","Centre-Back"
"Marco Palestra",2005,"https://fbref.com/en/players/1f1828dd/Marco-Palestra",2005-03-03,"https://www.transfermarkt.com/marco-palestra/profil/spieler/895937","Right Midfield"
"Marco Sala",1999,"https://fbref.com/en/players/0c57be8b/Marco-Sala",1999-06-04,"https://www.transfermarkt.com/marco-sala/profil/spieler/392570","Left-Back"
"Marcos Andre",1996,"https://fbref.com/en/players/ae86d473/Marcos-Andre",1996-10-20,"https://www.transfermarkt.com/marcos-andre/profil/spieler/481084","Centre-Forward"
"Marcus Harness",1996,"https://fbref.com/en/players/90e9ca3d/Marcus-Harness",1996-02-24,"https://www.transfermarkt.com/marcus-harness/profil/spieler/288323","Attacking Midfield"
"Marin Ljubicic",2002,"https://fbref.com/en/players/774b7f08/Marin-Ljubicic",2002-02-28,"https://www.transfermarkt.com/marin-ljubicic/profil/spieler/838236","Centre-Forward"
"Mario Martin",2004,"https://fbref.com/en/players/a9aff11a/Mario-Martin",2004-03-05,"https://www.transfermarkt.com/mario-martin/profil/spieler/948273","Defensive Midfield"
"Marius Courcoul",2007,"https://fbref.com/en/players/28ab7aba/Marius-Courcoul",2007-01-01,"https://www.transfermarkt.com/marius-courcoul/profil/spieler/1075575","Defensive Midfield"
"Marko Ivezic",2001,"https://fbref.com/en/players/964f4f30/Marko-Ivezic",2001-12-02,"https://www.transfermarkt.com/marko-ivezic/profil/spieler/706024","Centre-Back"
"Maroan Sannadi",2001,"https://fbref.com/en/players/bea2537a/Maroan-Sannadi",2001-02-01,"https://www.transfermarkt.com/maroan-sannadi/profil/spieler/1054934","Centre-Forward"
"Martial Godo",2003,"https://fbref.com/en/players/e0eea46f/Martial-Godo",2003-03-14,"https://www.transfermarkt.com/martial-godo/profil/spieler/992686","Left Winger"
"Martin Frese",1998,"https://fbref.com/en/players/b910e9c0/Martin-Frese",1998-01-04,"https://www.transfermarkt.com/martin-frese/profil/spieler/488785","Left-Back"
"Martin Tejon",2004,"https://fbref.com/en/players/f99cc198/Martin-Tejon",2004-04-12,"https://www.transfermarkt.com/martin-tejon/profil/spieler/941883","Attacking Midfield"
"Marvin Schulz",1995,"https://fbref.com/en/players/651167c8/Marvin-Schulz",1995-01-15,"https://www.transfermarkt.com/marvin-schulz/profil/spieler/168678","Defensive Midfield"
"Mateo Flores",2004,"https://fbref.com/en/players/90dcf851/Mateo-Flores",2004-04-07,"https://www.transfermarkt.com/mateo-flores/profil/spieler/1061283","Central Midfield"
"Mateo Pellegrino",2001,"https://fbref.com/en/players/8c9e96c5/Mateo-Pellegrino",2001-10-22,"https://www.transfermarkt.com/mateo-pellegrino/profil/spieler/856530","Centre-Forward"
"Mateusz Kowalski",2005,"https://fbref.com/en/players/d2bb908c/Mateusz-Kowalski",2005-07-21,"https://www.transfermarkt.com/mateusz-kowalski/profil/spieler/902573","Second Striker"
"Mathias Lovik",2003,"https://fbref.com/en/players/f17aa65c/Mathias-Lovik",2003-12-06,"https://www.transfermarkt.com/mathias-lovik/profil/spieler/661212","Left-Back"
"Mathis Amougou",2006,"https://fbref.com/en/players/f93cca97/Mathis-Amougou",2006-01-18,"https://www.transfermarkt.com/mathis-amougou/profil/spieler/1010854","Central Midfield"
"Matias Fernandez-Pardo",2005,"https://fbref.com/en/players/0cdb6a2a/Matias-Fernandez-Pardo",2005-02-03,"https://www.transfermarkt.com/matias-fernandez-pardo/profil/spieler/724129","Centre-Forward"
"Matias Moreno",2003,"https://fbref.com/en/players/4637e608/Matias-Moreno",2003-09-24,"https://www.transfermarkt.com/matias-moreno/profil/spieler/1144700","Centre-Back"
"Mats Pannewig",2004,"https://fbref.com/en/players/2420dbac/Mats-Pannewig",2004-10-28,"https://www.transfermarkt.com/mats-pannewig/profil/spieler/796221","Central Midfield"
"Matteo Palma",2008,"https://fbref.com/en/players/cb2e6751/Matteo-Palma",2008-03-13,"https://www.transfermarkt.com/matteo-palma/profil/spieler/1058354","Centre-Back"
"Matthias Braunoder",2002,"https://fbref.com/en/players/bce728e1/Matthias-Braunoder",2002-03-27,"https://www.transfermarkt.com/matthias-braunoder/profil/spieler/488052","Central Midfield"
"Mattia Felici",2001,"https://fbref.com/en/players/38aa2612/Mattia-Felici",2001-04-17,"https://www.transfermarkt.com/mattia-felici/profil/spieler/600041","Left Winger"
"Max Rosenfelder",2003,"https://fbref.com/en/players/b6ceba6b/Max-Rosenfelder",2003-02-10,"https://www.transfermarkt.com/max-rosenfelder/profil/spieler/599419","Centre-Back"
"Melvin Zinga",2002,"https://fbref.com/en/players/1d59fe9c/Melvin-Zinga",2002-03-16,"https://www.transfermarkt.com/melvin-zinga/profil/spieler/548347","Goalkeeper"
"Mert Komur",2005,"https://fbref.com/en/players/ec68a918/Mert-Komur",2005-07-17,"https://www.transfermarkt.com/mert-komur/profil/spieler/777005","Attacking Midfield"
"Michael Golding",2006,"https://fbref.com/en/players/67c5e0e8/Michael-Golding",2006-05-23,"https://www.transfermarkt.com/michael-golding/profil/spieler/936842","Central Midfield"
"Mikey Moore",2007,"https://fbref.com/en/players/00953a9d/Mikey-Moore",2007-08-11,"https://www.transfermarkt.com/mikey-moore/profil/spieler/1011147","Left Winger"
"Mohamed Amoura",2000,"https://fbref.com/en/players/6597f8b6/Mohamed-Amoura",2000-05-09,"https://www.transfermarkt.com/mohamed-amoura/profil/spieler/746910","Centre-Forward"
"Mohamed Daramy",2002,"https://fbref.com/en/players/06a1d642/Mohamed-Daramy",2002-01-07,"https://www.transfermarkt.com/mohamed-daramy/profil/spieler/574385","Left Winger"
"Mohammed Kudus",2000,"https://fbref.com/en/players/b62878a5/Mohammed-Kudus",2000-08-02,"https://www.transfermarkt.com/mohammed-kudus/profil/spieler/543499","Right Winger"
"Moise Bombito",2000,"https://fbref.com/en/players/c2f23fc8/Moise-Bombito",2000-03-30,"https://www.transfermarkt.com/moise-bombito/profil/spieler/1089202","Centre-Back"
"Mory Gbane",2000,"https://fbref.com/en/players/ab8b392c/Mory-Gbane",2000-12-25,"https://www.transfermarkt.com/mory-gbane/profil/spieler/717585","Defensive Midfield"
"Myles Lewis-Skelly",2006,"https://fbref.com/en/players/5dff6c28/Myles-Lewis-Skelly",2006-09-26,"https://www.transfermarkt.com/myles-lewis-skelly/profil/spieler/890721","Left-Back"
"Nasser Djiga",2002,"https://fbref.com/en/players/1a7a4d84/Nasser-Djiga",2002-11-15,"https://www.transfermarkt.com/nasser-djiga/profil/spieler/862297","Centre-Back"
"Nathaniel Brown",2003,"https://fbref.com/en/players/abc79c47/Nathaniel-Brown",2003-06-16,"https://www.transfermarkt.com/nathaniel-brown/profil/spieler/691892","Left-Back"
"Nediljko Labrovic",1999,"https://fbref.com/en/players/208fc867/Nediljko-Labrovic",1999-10-10,"https://www.transfermarkt.com/nediljko-labrovic/profil/spieler/610190","Goalkeeper"
"Nhoa Sangui",2006,"https://fbref.com/en/players/3f465a66/Nhoa-Sangui",2006-02-27,"https://www.transfermarkt.com/nhoa-sangui/profil/spieler/955281","Left-Back"
"Nico O'Reilly",2005,"https://fbref.com/en/players/91ca4a16/Nico-OReilly",2005-03-21,"https://www.transfermarkt.com/nico-oreilly/profil/spieler/743413","Attacking Midfield"
"Nicolai Remberg",2000,"https://fbref.com/en/players/625fd441/Nicolai-Remberg",2000-06-19,"https://www.transfermarkt.com/nicolai-remberg/profil/spieler/592534","Central Midfield"
"Nicolas Pays",2003,"https://fbref.com/en/players/b9f2c759/Nicolas-Pays",2003-07-07,"https://www.transfermarkt.com/nicolas-pays/profil/spieler/1093482","Attacking Midfield"
"Nicolas Valentini",2001,"https://fbref.com/en/players/a43e4f9c/Nicolas-Valentini",2001-04-06,"https://www.transfermarkt.com/nicolas-valentini/profil/spieler/860992","Centre-Back"
"Nicolo Savona",2003,"https://fbref.com/en/players/e041497d/Nicolo-Savona",2003-03-19,"https://www.transfermarkt.com/nicolo-savona/profil/spieler/708072","Right-Back"
"Nikola Vasilj",1995,"https://fbref.com/en/players/f038585f/Nikola-Vasilj",1995-12-02,"https://www.transfermarkt.com/nikola-vasilj/profil/spieler/248454","Goalkeeper"
"Nikolas Veratschnig",2003,"https://fbref.com/en/players/13496b77/Nikolas-Veratschnig",2003-01-24,"https://www.transfermarkt.com/nikolas-veratschnig/profil/spieler/601143","Right-Back"
"Nnamdi Collins",2004,"https://fbref.com/en/players/8eb5c94c/Nnamdi-Collins",2004-01-10,"https://www.transfermarkt.com/nnamdi-collins/profil/spieler/684315","Centre-Back"
"Noah Edjouma",2005,"https://fbref.com/en/players/92976f0d/Noah-Edjouma",2005-10-04,"https://www.transfermarkt.com/noah-edjouma/profil/spieler/1078326","Right Winger"
"Noahkai Banks",2006,"https://fbref.com/en/players/118e3ac3/Noahkai-Banks",2006-12-01,"https://www.transfermarkt.com/noahkai-banks/profil/spieler/923945","Centre-Back"
"Odilon Kossounou",2001,"https://fbref.com/en/players/1f3afdcb/Odilon-Kossounou",2001-01-04,"https://www.transfermarkt.com/odilon-kossounou/profil/spieler/644771","Centre-Back"
"Oliver Scarles",2005,"https://fbref.com/en/players/242e5e6d/Oliver-Scarles",2005-12-12,"https://www.transfermarkt.com/oliver-scarles/profil/spieler/922563","Left-Back"
"Osame Sahraoui",2001,"https://fbref.com/en/players/6f9fa232/Osame-Sahraoui",2001-06-11,"https://www.transfermarkt.com/osame-sahraoui/profil/spieler/580657","Left Winger"
"Oscar Hojlund",2005,"https://fbref.com/en/players/3e2bbae6/Oscar-Hojlund",2005-01-04,"https://www.transfermarkt.com/oscar-hojlund/profil/spieler/846310","Central Midfield"
"Oscar Perea",2005,"https://fbref.com/en/players/57bc72ea/Oscar-Perea",2005-09-27,"https://www.transfermarkt.com/oscar-perea/profil/spieler/1015624","Left Winger"
"Othmane Maamma",2005,"https://fbref.com/en/players/5bdb4a7b/Othmane-Maamma",2005-10-06,"https://www.transfermarkt.com/othmane-maamma/profil/spieler/1081219","Right Winger"
"Patrick Drewes",1993,"https://fbref.com/en/players/a8403737/Patrick-Drewes",1993-02-04,"https://www.transfermarkt.com/patrick-drewes/profil/spieler/94192","Goalkeeper"
"Patrik Carlgren",1992,"https://fbref.com/en/players/168c50c5/Patrik-Carlgren",1992-01-08,"https://www.transfermarkt.com/patrik-carlgren/profil/spieler/190280","Goalkeeper"
"Patrizio Masini",2001,"https://fbref.com/en/players/151354b8/Patrizio-Masini",2001-01-27,"https://www.transfermarkt.com/patrizio-masini/profil/spieler/459665","Central Midfield"
"Pau Cabanes",2005,"https://fbref.com/en/players/53440b64/Pau-Cabanes",2005-02-17,"https://www.transfermarkt.com/pau-cabanes/profil/spieler/1063553","Centre-Forward"
"Pau Navarro",2005,"https://fbref.com/en/players/3171351c/Pau-Navarro",2005-04-25,"https://www.transfermarkt.com/pau-navarro/profil/spieler/1061336","Centre-Back"
"Pau Victor",2001,"https://fbref.com/en/players/e6e7c819/Pau-Victor",2001-11-26,"https://www.transfermarkt.com/pau-victor/profil/spieler/707572","Centre-Forward"
"Pedro Diaz",1998,"https://fbref.com/en/players/eea5130e/Pedro-Diaz",1998-06-05,"https://www.transfermarkt.com/pedro-diaz/profil/spieler/363057","Central Midfield"
"Pedro Lima",2006,"https://fbref.com/en/players/b2f4cad5/Pedro-Lima",2006-07-01,"https://www.transfermarkt.com/pedro-lima/profil/spieler/1193867","Right-Back"
"Peio Canales",2005,"https://fbref.com/en/players/3b5d2ab7/Peio-Canales",2005-01-17,"https://www.transfermarkt.com/peio-canales/profil/spieler/1056966","Attacking Midfield"
"Pelayo Fernandez",2003,"https://fbref.com/en/players/ce46e850/Pelayo-Fernandez",2003-04-29,"https://www.transfermarkt.com/pelayo-fernandez/profil/spieler/692208","Centre-Back"
"Phil Harres",2002,"https://fbref.com/en/players/07db670d/Phil-Harres",2002-03-25,"https://www.transfermarkt.com/phil-harres/profil/spieler/606119","Centre-Forward"
"Philipp Sander",1998,"https://fbref.com/en/players/5c90bad8/Philipp-Sander",1998-02-21,"https://www.transfermarkt.com/philipp-sander/profil/spieler/388409","Central Midfield"
"Philipp Treu",2000,"https://fbref.com/en/players/047822ad/Philipp-Treu",2000-12-03,"https://www.transfermarkt.com/philipp-treu/profil/spieler/335993","Left-Back"
"Pierre Cornud",1996,"https://fbref.com/en/players/edeb21ff/Pierre-Cornud",1996-12-12,"https://www.transfermarkt.com/pierre-cornud/profil/spieler/536156","Left-Back"
"Rafik Messali",2003,"https://fbref.com/en/players/bbc86fc4/Rafik-Messali",2003-04-28,"https://www.transfermarkt.com/rafik-messali/profil/spieler/883865","Right Midfield"
"Ramon Martinez",2002,"https://fbref.com/en/players/a04f40c8/Ramon-Martinez",2002-10-22,"https://www.transfermarkt.com/ramon-martinez/profil/spieler/882710","Centre-Back"
"Ramon Sosa",1999,"https://fbref.com/en/players/2d3417a1/Ramon-Sosa",1999-08-31,"https://www.transfermarkt.com/ramon-sosa/profil/spieler/745191","Left Winger"
"Randy Nteka",1997,"https://fbref.com/en/players/a6103274/Randy-Nteka",1997-12-06,"https://www.transfermarkt.com/randy-nteka/profil/spieler/560483","Attacking Midfield"
"Raul Asencio",2003,"https://fbref.com/en/players/4731cd4c/Raul-Asencio",2003-02-13,"https://www.transfermarkt.com/raul-asencio/profil/spieler/935245","Centre-Back"
"Richie Sagrado",2004,"https://fbref.com/en/players/3e3190f1/Richie-Sagrado",2004-01-30,"https://www.transfermarkt.com/richie-sagrado/profil/spieler/655009","Right-Back"
"Roberto Fernandez",2002,"https://fbref.com/en/players/c981fc98/Roberto-Fernandez",2002-07-03,"https://www.transfermarkt.com/roberto-fernandez/profil/spieler/720518","Centre-Forward"
"Robin Hranac",2000,"https://fbref.com/en/players/95d5aea2/Robin-Hranac",2000-01-29,"https://www.transfermarkt.com/robin-hranac/profil/spieler/620217","Centre-Back"
"Romain Esse",2005,"https://fbref.com/en/players/87189f25/Romain-Esse",2005-05-13,"https://www.transfermarkt.com/romain-esse/profil/spieler/967319","Right Winger"
"Rui Modesto",1999,"https://fbref.com/en/players/4f9c2d8c/Rui-Modesto",1999-10-07,"https://www.transfermarkt.com/rui-modesto/profil/spieler/671799","Right Midfield"
"Ryan Trevitt",2003,"https://fbref.com/en/players/732327ae/Ryan-Trevitt",2003-03-12,"https://www.transfermarkt.com/ryan-trevitt/profil/spieler/874538","Central Midfield"
"Saad El Haddad",2005,"https://fbref.com/en/players/7b12dccc/Saad-El-Haddad",2005-07-24,"https://www.transfermarkt.com/saad-el-haddad/profil/spieler/936684","Attacking Midfield"
"Saba Goglichidze",2004,"https://fbref.com/en/players/011d370e/Saba-Goglichidze",2004-06-25,"https://www.transfermarkt.com/saba-goglichidze/profil/spieler/906160","Centre-Back"
"Samuel Amo-Ameyaw",2006,"https://fbref.com/en/players/9eedf0e0/Samuel-Amo-Ameyaw",2006-07-18,"https://www.transfermarkt.com/samuel-amo-ameyaw/profil/spieler/933900","Right Winger"
"Samuel Essende",1998,"https://fbref.com/en/players/821550ce/Samuel-Essende",1998-01-23,"https://www.transfermarkt.com/samuel-essende/profil/spieler/395522","Centre-Forward"
"Samuel Mbangula",2004,"https://fbref.com/en/players/3e25e70c/Samuel-Mbangula",2004-01-16,"https://www.transfermarkt.com/samuel-mbangula/profil/spieler/654991","Left Winger"
"Santiago Mourino",2002,"https://fbref.com/en/players/91ee5785/Santiago-Mourino",2002-02-13,"https://www.transfermarkt.com/santiago-mourino/profil/spieler/953901","Centre-Back"
"Saud Abdulhamid",1999,"https://fbref.com/en/players/caa254e4/Saud-Abdulhamid",1999-07-18,"https://www.transfermarkt.com/saud-abdulhamid/profil/spieler/631927","Right-Back"
"Sebastian Nanasi",2002,"https://fbref.com/en/players/ce747d2a/Sebastian-Nanasi",2002-05-16,"https://www.transfermarkt.com/sebastian-nanasi/profil/spieler/579928","Left Midfield"
"Sebastian Otoa",2004,"https://fbref.com/en/players/a214da59/Sebastian-Otoa",2004-05-13,"https://www.transfermarkt.com/sebastian-otoa/profil/spieler/890385","Centre-Back"
"Sergiu Perciun",2006,"https://fbref.com/en/players/21929f91/Sergiu-Perciun",2006-04-23,"https://www.transfermarkt.com/sergiu-perciun/profil/spieler/980632","Attacking Midfield"
"Seydouba Cisse",2001,"https://fbref.com/en/players/0d13e455/Seydouba-Cisse",2001-02-10,"https://www.transfermarkt.com/seydouba-cisse/profil/spieler/543537","Central Midfield"
"Shuto Machino",1999,"https://fbref.com/en/players/964dde35/Shuto-Machino",1999-09-30,"https://www.transfermarkt.com/shuto-machino/profil/spieler/550580","Centre-Forward"
"Sidiki Cherif",2006,"https://fbref.com/en/players/78430598/Sidiki-Cherif",2006-12-15,"https://www.transfermarkt.com/sidiki-cherif/profil/spieler/986288","Centre-Forward"
"Sirlord Conteh",1996,"https://fbref.com/en/players/34e09d5f/Sirlord-Conteh",1996-07-09,"https://www.transfermarkt.com/sirlord-conteh/profil/spieler/307183","Right Winger"
"Stanis Idumbo",2005,"https://fbref.com/en/players/53551b98/Stanis-Idumbo",2005-06-29,"https://www.transfermarkt.com/stanis-idumbo/profil/spieler/743387","Attacking Midfield"
"Stanko Juric",1996,"https://fbref.com/en/players/21a87181/Stanko-Juric",1996-08-16,"https://www.transfermarkt.com/stanko-juric/profil/spieler/388125","Defensive Midfield"
"Tamas Nikitscher",1999,"https://fbref.com/en/players/a1c7fe4e/Tamas-Nikitscher",1999-11-03,"https://www.transfermarkt.com/tamas-nikitscher/profil/spieler/633056","Central Midfield"
"Theo De Percin",2001,"https://fbref.com/en/players/afbb55d2/Theo-De-Percin",2001-02-02,"https://www.transfermarkt.com/theo-de-percin/profil/spieler/695422","Goalkeeper"
"Thierno Barry",2002,"https://fbref.com/en/players/52c3244b/Thierno-Barry",2002-10-21,"https://www.transfermarkt.com/thierno-barry/profil/spieler/937941","Centre-Forward"
"Thomas Dahne",1994,"https://fbref.com/en/players/f194035d/Thomas-Dahne",1994-01-04,"https://www.transfermarkt.com/thomas-dahne/profil/spieler/115979","Goalkeeper"
"Tiago Gabriel",2004,"https://fbref.com/en/players/19452285/Tiago-Gabriel",2004-12-26,"https://www.transfermarkt.com/tiago-gabriel/profil/spieler/1112449","Centre-Back"
"Tiago Santos",2002,"https://fbref.com/en/players/3eeebc87/Tiago-Santos",2002-07-23,"https://www.transfermarkt.com/tiago-santos/profil/spieler/816580","Right-Back"
"Tidiam Gomis",2006,"https://fbref.com/en/players/64c705d7/Tidiam-Gomis",2006-08-08,"https://www.transfermarkt.com/tidiam-gomis/profil/spieler/955448","Left Winger"
"Timon Weiner",1999,"https://fbref.com/en/players/1fb2d1b0/Timon-Weiner",1999-01-18,"https://www.transfermarkt.com/timon-weiner/profil/spieler/296428","Goalkeeper"
"Toby Collyer",2004,"https://fbref.com/en/players/4f9091bc/Toby-Collyer",2004-01-03,"https://www.transfermarkt.com/toby-collyer/profil/spieler/654253","Defensive Midfield"
"Tom King",1995,"https://fbref.com/en/players/5791b997/Tom-King",1995-03-09,"https://www.transfermarkt.com/tom-king/profil/spieler/215810","Goalkeeper"
"Tom Pouilly",2003,"https://fbref.com/en/players/dafce747/Tom-Pouilly",2003-06-18,"https://www.transfermarkt.com/tom-pouilly/profil/spieler/917817","Defensive Midfield"
"Tomas Palacios",2003,"https://fbref.com/en/players/404101f9/Tomas-Palacios",2003-04-28,"https://www.transfermarkt.com/tomas-palacios/profil/spieler/993645","Centre-Back"
"Tyler Dibling",2006,"https://fbref.com/en/players/bdcc89ae/Tyler-Dibling",2006-02-17,"https://www.transfermarkt.com/tyler-dibling/profil/spieler/866655","Right Winger"
"Tyrique George",2006,"https://fbref.com/en/players/e6f7797e/Tyrique-George",2006-02-04,"https://www.transfermarkt.com/tyrique-george/profil/spieler/936874","Left Winger"
"Umit Akdag",2003,"https://fbref.com/en/players/d746900e/Umit-Akdag",2003-10-06,"https://www.transfermarkt.com/umit-akdag/profil/spieler/958647","Centre-Back"
"Vasilije Adzic",2006,"https://fbref.com/en/players/8b0f9fb8/Vasilije-Adzic",2006-05-12,"https://www.transfermarkt.com/vasilije-adzic/profil/spieler/944570","Attacking Midfield"
"Victor Nelsson",1998,"https://fbref.com/en/players/e53b5534/Victor-Nelsson",1998-10-14,"https://www.transfermarkt.com/victor-nelsson/profil/spieler/422951","Centre-Back"
"Victor Orakpo",2006,"https://fbref.com/en/players/cbfb7cd7/Victor-Orakpo",2006-01-14,"https://www.transfermarkt.com/victor-orakpo/profil/spieler/1231401","Centre-Forward"
"Viggo Gebel",2007,"https://fbref.com/en/players/92ed2acc/Viggo-Gebel",2007-11-22,"https://www.transfermarkt.com/viggo-gebel/profil/spieler/1074526","Attacking Midfield"
"Vitezslav Jaros",2001,"https://fbref.com/en/players/12bb4d6a/Vitezslav-Jaros",2001-07-23,"https://www.transfermarkt.com/vitezslav-jaros/profil/spieler/486604","Goalkeeper"
"Vitor Reis",2006,"https://fbref.com/en/players/c4ce0ab5/Vitor-Reis",2006-01-12,"https://www.transfermarkt.com/vitor-reis/profil/spieler/1005575","Centre-Back"
"Wes Burns",1994,"https://fbref.com/en/players/b3fe23c6/Wes-Burns",1994-11-23,"https://www.transfermarkt.com/wes-burns/profil/spieler/255731","Right Winger"
"Woyo Coulibaly",1999,"https://fbref.com/en/players/beb6e3a6/Woyo-Coulibaly",1999-05-26,"https://www.transfermarkt.com/woyo-coulibaly/profil/spieler/592975","Right-Back"
"Yael Mouanga",2005,"https://fbref.com/en/players/153e48e0/Yael-Mouanga",2005-07-23,"https://www.transfermarkt.com/yael-mouanga/profil/spieler/970364","Centre-Back"
"Yael Nandjou",2005,"https://fbref.com/en/players/35f311ec/Yael-Nandjou",2005-07-06,"https://www.transfermarkt.com/yael-nandjou/profil/spieler/984699","Left-Back"
"Yan Diomande",2006,"https://fbref.com/en/players/919f5f54/Yan-Diomande",2006-11-14,"https://www.transfermarkt.com/yan-diomande/profil/spieler/1390649","Left Winger"
"Yankuba Minteh",2004,"https://fbref.com/en/players/c3cf087d/Yankuba-Minteh",2004-07-22,"https://www.transfermarkt.com/yankuba-minteh/profil/spieler/1012534","Right Winger"
"Yannik Engelhardt",2001,"https://fbref.com/en/players/fac66db3/Yannik-Engelhardt",2001-02-07,"https://www.transfermarkt.com/yannik-engelhardt/profil/spieler/405670","Defensive Midfield"
"Yarek Gasiorowski",2005,"https://fbref.com/en/players/20a65cdf/Yarek-Gasiorowski",2005-01-12,"https://www.transfermarkt.com/yarek-gasiorowski/profil/spieler/895334","Centre-Back"
"Yassin Belkhdim",2002,"https://fbref.com/en/players/e21d1928/Yassin-Belkhdim",2002-02-14,"https://www.transfermarkt.com/yassin-belkhdim/profil/spieler/807688","Central Midfield"
"Yllan Okou",2002,"https://fbref.com/en/players/fa753b79/Yllan-Okou",2002-12-23,"https://www.transfermarkt.com/yllan-okou/profil/spieler/745202","Centre-Back"
"Yoel Lago",2004,"https://fbref.com/en/players/edd4e7a5/Yoel-Lago",2004-03-25,"https://www.transfermarkt.com/yoel-lago/profil/spieler/939374","Centre-Back"
"Yoram Zague",2006,"https://fbref.com/en/players/5ce497e2/Yoram-Zague",2006-05-15,"https://www.transfermarkt.com/yoram-zague/profil/spieler/1047097","Right-Back"
"Yunus Emre Konak",2006,"https://fbref.com/en/players/e02b5b36/Yunus-Emre-Konak",2006-01-10,"https://www.transfermarkt.com/yunus-emre-konak/profil/spieler/1141628","Defensive Midfield"
"Yusuf Kabadayi",2004,"https://fbref.com/en/players/a4a94bb2/Yusuf-Kabadayi",2004-02-02,"https://www.transfermarkt.com/yusuf-kabadayi/profil/spieler/604359","Left Winger"
"Zion Suzuki",2002,"https://fbref.com/en/players/51e1f4f5/Zion-Suzuki",2002-08-21,"https://www.transfermarkt.com/zion-suzuki/profil/spieler/432298","Goalkeeper"
"Zuriko Davitashvili",2001,"https://fbref.com/en/players/88b4d2e3/Zuriko-Davitashvili",2001-02-15,"https://www.transfermarkt.com/zuriko-davitashvili/profil/spieler/427572","Left Winger"
