Player,Born,Url,player_url
Abdul Fatawu Issahaku,2004,https://fbref.com/en/players/bceda5ff/Abdul-Fatawu-Issahaku,https://www.transfermarkt.com/issahaku-fatawu/profil/spieler/864121
Abdul-Aziz Yakubu,1998,https://fbref.com/en/players/052ac6d5/Abdul-Aziz-Yakubu,https://www.transfermarkt.com/aziz/profil/spieler/503212
Adailson Dadá,1997,https://fbref.com/en/players/2a75cc09/Adailson-Dada,https://www.transfermarkt.com/dada-belmonte/profil/spieler/546253
Adam Dźwigała,1995,https://fbref.com/en/players/75edc8ce/Adam-Dzwigala,https://www.transfermarkt.com/adam-dzwigala/profil/spieler/236966
Adi Mehremić,1992,https://fbref.com/en/players/00eb1f49/Adi-Mehremic,https://www.transfermarkt.com/adi-mehremic/profil/spieler/192897
Adílson Warken,1987,https://fbref.com/en/players/50ef4816/Adilson-Warken,https://www.transfermarkt.com/adilson/profil/spieler/52408
Adlène Guedioura,1985,https://fbref.com/en/players/f75825e3/Adlene-Guedioura,https://www.transfermarkt.com/adlene-guedioura/profil/spieler/74768
Adolfo Domínguez Gerardo,1991,https://fbref.com/en/players/b805a7f8/Adolfo-Dominguez-Gerardo,https://www.transfermarkt.com/adolfo-dominguez/profil/spieler/220934
Adrian Szöke,1998,https://fbref.com/en/players/692ab0c7/Adrian-Szoke,https://www.transfermarkt.com/adrian-sz%C5%91ke/profil/spieler/404705
Afonso freitas,2000,https://fbref.com/en/players/f332f667/Afonso-freitas,https://www.transfermarkt.com/afonso-freitas/profil/spieler/448264
Agenor Detofol,1989,https://fbref.com/en/players/2cdeba2b/Agenor-Detofol,https://www.transfermarkt.com/agenor/profil/spieler/74584
Aidan Francis,2002,https://fbref.com/en/players/38c29201/Aidan-Francis,https://www.transfermarkt.com/aidan-francis/profil/spieler/802230
Airton Moraes,1994,https://fbref.com/en/players/5e8682b0/Airton-Moraes,https://www.transfermarkt.com/airton/profil/spieler/377799
Alaa Abbas,1997,https://fbref.com/en/players/21e285cc/Alaa-Abbas,https://www.transfermarkt.com/alaa-abbas/profil/spieler/560958
Alan,1999,https://fbref.com/en/players/c7996bc8/Alan,https://www.transfermarkt.com/alan-uchoa/profil/spieler/689559
Alan Carvalho,1989,https://fbref.com/en/players/ebb2d232/Alan-Carvalho,https://www.transfermarkt.com/alan/profil/spieler/73460
Aldo Llanas,,https://fbref.com/en/players/d8ca630d/Aldo-Llanas,https://www.transfermarkt.com/emmanuel-llanas/profil/spieler/1029443
Ale,1990,https://fbref.com/en/players/b7d9347d/Ale,https://www.transfermarkt.com/aletm/profil/spieler/543614
Alejandro Alvarado Jr.,2003,https://fbref.com/en/players/14c93be3/Alejandro-Alvarado-Jr,https://www.transfermarkt.com/alejandro-alvarado/profil/spieler/763798
Alejandro Díaz Liceága,1996,https://fbref.com/en/players/6e259571/Alejandro-Diaz-Liceaga,https://www.transfermarkt.com/alejandro-diaz/profil/spieler/295390
Aleksandar Paločević,1993,https://fbref.com/en/players/1a2b755b/Aleksandar-Palocevic,https://www.transfermarkt.com/aleksandar-palocevic/profil/spieler/192740
Alessandro,1999,https://fbref.com/en/players/886ad34f/Alessandro,https://www.transfermarkt.com/alessandro-furtado/profil/spieler/688897
Alex Mitchell,,https://fbref.com/en/players/152bcd76/Alex-Mitchell,https://www.transfermarkt.com/alex-mitchell/profil/spieler/746094
Alexander Milošević,1992,https://fbref.com/en/players/2f065e3a/Alexander-Milosevic,https://www.transfermarkt.com/alexander-milosevic/profil/spieler/171376
Alexandre Manuel Penetra Correia,2001,https://fbref.com/en/players/df4b73f0/Alexandre-Manuel-Penetra-Correia,https://www.transfermarkt.com/alexandre-penetra/profil/spieler/479643
Alexandre Melo,1999,https://fbref.com/en/players/32baeadd/Alexandre-Melo,https://www.transfermarkt.com/alexandre/profil/spieler/702290
Alexandre Rodrigues Soares,1990,https://fbref.com/en/players/145abfa1/Alexandre-Rodrigues-Soares,https://www.transfermarkt.com/xandao/profil/spieler/439389
Alexei Koșelev,1993,https://fbref.com/en/players/5594f2ee/Alexei-Koselev,https://www.transfermarkt.com/alexei-coselev/profil/spieler/136109
Alfonso Blanco Antúnez,1987,https://fbref.com/en/players/dce4c80e/Alfonso-Blanco-Antunez,https://www.transfermarkt.com/alfonso-blanco/profil/spieler/63333
Almoatasembellah Ali,1996,https://fbref.com/en/players/cd6a1a59/Almoatasembellah-Ali,https://www.transfermarkt.com/al-musrati/profil/spieler/377641
Aloísio dos Santos Gonçalves,1988,https://fbref.com/en/players/9851b2e0/Aloisio-dos-Santos-Goncalves,https://www.transfermarkt.com/aloisio/profil/spieler/55246
Álvarinho,1990,https://fbref.com/en/players/a81bc44d/Alvarinho,https://www.transfermarkt.com/alvarinho/profil/spieler/176906
Álvaro djaló,1999,https://fbref.com/en/players/45c29ae7/Alvaro-djalo,https://www.transfermarkt.com/alvaro-djalo/profil/spieler/671649
Álvaro Fernández,2003,https://fbref.com/en/players/33a68b9b/Alvaro-Fernandez,https://www.transfermarkt.com/alvaro-fernandez/profil/spieler/811778
Alyson Neves,1996,https://fbref.com/en/players/566c4795/Alyson-Neves,https://www.transfermarkt.com/alyson/profil/spieler/592364
Amar Ćatić,1999,https://fbref.com/en/players/f7c398ec/Amar-Catic,https://www.transfermarkt.com/amar-catic/profil/spieler/450195
Amine Oudrhiri,1992,https://fbref.com/en/players/49c9c79a/Amine-Oudrhiri,https://www.transfermarkt.com/amine/profil/spieler/306668
Anderson Jesus,1995,https://fbref.com/en/players/d4d63c3f/Anderson-Jesus,https://www.transfermarkt.com/anderson/profil/spieler/539183
Andraž Šporar,1994,https://fbref.com/en/players/878f0921/Andraz-Sporar,https://www.transfermarkt.com/andraz-sporar/profil/spieler/179860
André,1990,https://fbref.com/en/players/13b52dec/Andre,https://www.transfermarkt.com/andre-felipe/profil/spieler/104509
Andre Brooks,2003,https://fbref.com/en/players/5f346071/Andre-Brooks,https://www.transfermarkt.com/andre-brooks/profil/spieler/746739
André Inácio,2002,https://fbref.com/en/players/cc77d69c/Andre-Inacio,https://www.transfermarkt.com/andre-luiz/profil/spieler/919262
André Simões,2003,https://fbref.com/en/players/edc7be9d/Andre-Simoes,https://www.transfermarkt.com/andre-simoes/profil/spieler/914629
Andrei Chindriş,1999,https://fbref.com/en/players/1035d300/Andrei-Chindris,https://www.transfermarkt.com/andrei-chindris/profil/spieler/435731
Andrej Lukić,1994,https://fbref.com/en/players/1265b619/Andrej-Lukic,https://www.transfermarkt.com/andrej-lukic/profil/spieler/239951
Andrej Šimunec,1995,https://fbref.com/en/players/464bc1ef/Andrej-Simunec,https://www.transfermarkt.com/andrej-simunec/profil/spieler/259988
Andrés Mosquera Guardia,1990,https://fbref.com/en/players/9cacb8e1/Andres-Mosquera-Guardia,https://www.transfermarkt.com/andres-mosquera/profil/spieler/74421
Andrew Oluwabori,,https://fbref.com/en/players/73c61a18/Andrew-Oluwabori,https://www.transfermarkt.com/andrew-oluwabori/profil/spieler/949413
Andrija Luković,1994,https://fbref.com/en/players/7cce7822/Andrija-Lukovic,https://www.transfermarkt.com/andrija-lukovic/profil/spieler/258135
Ángel Saavedra,2003,https://fbref.com/en/players/06c524cb/Angel-Saavedra,https://www.transfermarkt.com/angel-saavedra/profil/spieler/1065536
Ângelo Borges,2004,https://fbref.com/en/players/737945d9/Angelo-Borges,https://www.transfermarkt.com/angelo-gabriel/profil/spieler/743598
Anthony Dekono Lulandu,2000,https://fbref.com/en/players/48fea73c/Anthony-Dekono-Lulandu,https://www.transfermarkt.com/anthony-dekono/profil/spieler/540678
Anthony Landazuri,1997,https://fbref.com/en/players/b3a267f0/Anthony-Landazuri,https://www.transfermarkt.com/anthony-landazuri/profil/spieler/410696
Antoine Léautey,1996,https://fbref.com/en/players/f2350250/Antoine-Leautey,https://www.transfermarkt.com/antoine-leautey/profil/spieler/467486
Antoni Milambo,2008,https://fbref.com/en/players/b05f4787/Antoni-Milambo,https://www.transfermarkt.com/antoni-milambo/profil/spieler/683620
António Filipe de Carvalho,1985,https://fbref.com/en/players/f4a6be9a/Antonio-Filipe-de-Carvalho,https://www.transfermarkt.com/antonio-filipe/profil/spieler/25289
Ari Contreras,2005,https://fbref.com/en/players/0de83089/Ari-Contreras,https://www.transfermarkt.com/ari-contreras/profil/spieler/955313
Armstrong Okoflex,2002,https://fbref.com/en/players/ab77d10d/Armstrong-Okoflex,https://www.transfermarkt.com/armstrong-oko-flex/profil/spieler/531461
Arnaud Ake,1998,https://fbref.com/en/players/3402bb17/Arnaud-Ake,https://www.transfermarkt.com/ake-loba/profil/spieler/515512
Aron Timmerman,,https://fbref.com/en/players/2ae0f28b/Aron-Timmerman,https://www.transfermarkt.com/aron-timmerman/profil/spieler/538927
Arsénio Martins Lafuente Nunes,1989,https://fbref.com/en/players/50e148af/Arsenio-Martins-Lafuente-Nunes,https://www.transfermarkt.com/arsenio/profil/spieler/175600
Arthur,1998,https://fbref.com/en/players/184ad240/Arthur,https://www.transfermarkt.com/arthur-gomes/profil/spieler/401534
Arthur,1992,https://fbref.com/en/players/4a870f60/Arthur,https://www.transfermarkt.com/arthur-caike/profil/spieler/224481
Artur Jorge Marques Amorim,1994,https://fbref.com/en/players/801f3d1d/Artur-Jorge-Marques-Amorim,https://www.transfermarkt.com/artur-jorge/profil/spieler/276030
Assis Giovanaz,1989,https://fbref.com/en/players/9317d325/Assis-Giovanaz,https://www.transfermarkt.com/assis/profil/spieler/91296
Augusto César Moreira,1992,https://fbref.com/en/players/858b3f3f/Augusto-Cesar-Moreira,https://www.transfermarkt.com/augusto-cesar/profil/spieler/107012
Avtandil Ebralidze,1991,https://fbref.com/en/players/4dd5eb12/Avtandil-Ebralidze,https://www.transfermarkt.com/avto/profil/spieler/209012
Azeem Abdullah,,https://fbref.com/en/players/a0893a41/Azeem-Abdullah,https://www.transfermarkt.com/azeem-abdulai/profil/spieler/859940
Azongha Tembeng Abenego,1991,https://fbref.com/en/players/9adb5d19/Azongha-Tembeng-Abenego,https://www.transfermarkt.com/nego-tembeng/profil/spieler/351245
Bamidele Isa Yusuf,2001,https://fbref.com/en/players/9e5e7bae/Bamidele-Isa-Yusuf,https://www.transfermarkt.com/dele/profil/spieler/744063
Bartosz Białkowski,1987,https://fbref.com/en/players/4b5e809f/Bartosz-Bialkowski,https://www.transfermarkt.com/bartosz-bialkowski/profil/spieler/24496
Basil Tuma,2006,https://fbref.com/en/players/ba21f636/Basil-Tuma,https://www.transfermarkt.com/basil-tuma/profil/spieler/937480
Batxi,1998,https://fbref.com/en/players/eca0eede/Batxi,https://www.transfermarkt.com/joao-batxi/profil/spieler/514256
Ben Brereton,1999,https://fbref.com/en/players/57827369/Ben-Brereton,https://www.transfermarkt.com/ben-brereton-diaz/profil/spieler/426192
Ben Kershaw,2003,https://fbref.com/en/players/06bfa737/Ben-Kershaw,https://www.transfermarkt.com/ben-kershaw/profil/spieler/950180
Benjamín Galindo Jr.,1999,https://fbref.com/en/players/ad4632bb/Benjamin-Galindo-Jr,https://www.transfermarkt.com/benjamin-galindo/profil/spieler/552948
Benson Manuel,1997,https://fbref.com/en/players/d7f99582/Benson-Manuel,https://www.transfermarkt.com/benson-manuel-hedilazio/profil/spieler/322702
Bernardo Sousa Pereira Brites Martins,1997,https://fbref.com/en/players/a2b07e59/Bernardo-Sousa-Pereira-Brites-Martins,https://www.transfermarkt.com/bernardo/profil/spieler/450790
Bilal Başaçıkoğlu,1995,https://fbref.com/en/players/b9052bad/Bilal-Basacikoglu,https://www.transfermarkt.com/bilal-basacikoglu/profil/spieler/224256
Billy Mitchell,2000,https://fbref.com/en/players/88ff9db9/Billy-Mitchell,https://www.transfermarkt.com/billy-mitchell/profil/spieler/671821
Blaine Rowe,2001,https://fbref.com/en/players/2bef28e1/Blaine-Rowe,https://www.transfermarkt.com/blaine-rowe/profil/spieler/745156
Brad Hills,2004,https://fbref.com/en/players/9936c8e1/Brad-Hills,https://www.transfermarkt.com/brad-hills/profil/spieler/747574
Bradley Foster-Theniger,2001,https://fbref.com/en/players/6351d472/Bradley-Foster-Theniger,https://www.transfermarkt.com/bradley-foster/profil/spieler/541516
Braima Sambú,2001,https://fbref.com/en/players/f06ac466/Braima-Sambu,https://www.transfermarkt.com/braima/profil/spieler/817527
Brandon Sartiaguin,2000,https://fbref.com/en/players/a9c2e4f5/Brandon-Sartiaguin,https://www.transfermarkt.com/brandon-sartiaguin/profil/spieler/797053
Branislav Niňaj,1994,https://fbref.com/en/players/6c7dd5e0/Branislav-Ninaj,https://www.transfermarkt.com/branislav-ninaj/profil/spieler/260979
Brayan Angulo Mosquera,1993,https://fbref.com/en/players/b661e058/Brayan-Angulo-Mosquera,https://www.transfermarkt.com/andres-mosquera/profil/spieler/74421
Brayan Lucumi,1994,https://fbref.com/en/players/985b47d4/Brayan-Lucumi,https://www.transfermarkt.com/brayan-lucumi/profil/spieler/262932
Brendan Sarpong-Wiredu,1999,https://fbref.com/en/players/1f33ceed/Brendan-Sarpong-Wiredu,https://www.transfermarkt.com/brendan-wiredu/profil/spieler/608180
Brenner Marlos,1994,https://fbref.com/en/players/77bc33b7/Brenner-Marlos,https://www.transfermarkt.com/brenner/profil/spieler/435046
Breno,1996,https://fbref.com/en/players/e0016d00/Breno,https://www.transfermarkt.com/breno-lopes/profil/spieler/542598
Breno Borges,1989,https://fbref.com/en/players/904b0bd9/Breno-Borges,https://www.transfermarkt.com/breno/profil/spieler/52947
Brent Vugts,2002,https://fbref.com/en/players/f7607cf7/Brent-Vugts,https://www.transfermarkt.com/brent-vugts/profil/spieler/618050
Brodie Gilmore,2004,https://fbref.com/en/players/4fb40948/Brodie-Gilmore,https://www.transfermarkt.com/brodie-spencer/profil/spieler/701011
Bruce El-Mesmari,2002,https://fbref.com/en/players/7eb6f451/Bruce-El-Mesmari,https://www.transfermarkt.com/bruce-el-mesmari/profil/spieler/703843
Bruno,2003,https://fbref.com/en/players/ad8c3404/Bruno,https://www.transfermarkt.com/bruninho/profil/spieler/668234
Bruno Brigido,1991,https://fbref.com/en/players/5ccca624/Bruno-Brigido,https://www.transfermarkt.com/bruno-brigido/profil/spieler/178942
Bruno Messi,1996,https://fbref.com/en/players/650f01e0/Bruno-Messi,https://www.transfermarkt.com/bruno-almeida/profil/spieler/393581
Bruno Nascimento,1997,https://fbref.com/en/players/46411d56/Bruno-Nascimento,https://www.transfermarkt.com/bruno-rodrigues/profil/spieler/406766
Bruno Pires,1992,https://fbref.com/en/players/843bfc59/Bruno-Pires,https://www.transfermarkt.com/bruno-pirri/profil/spieler/190705
Bruno Vieira,1985,https://fbref.com/en/players/0adcdf35/Bruno-Vieira,https://www.transfermarkt.com/bruno/profil/spieler/55497
Bruno Wavzinkevicz,1997,https://fbref.com/en/players/a0f502ec/Bruno-Wavzinkevicz,https://www.transfermarkt.com/bruno-jesus/profil/spieler/694528
Burá,1995,https://fbref.com/en/players/8e72cba8/Bura,https://www.transfermarkt.com/bura/profil/spieler/595008
Caio,1999,https://fbref.com/en/players/f077e298/Caio,https://www.transfermarkt.com/caio-felipe/profil/spieler/729267
Caio Matheus,2000,https://fbref.com/en/players/51aa0119/Caio-Matheus,https://www.transfermarkt.com/caio/profil/spieler/963727
Caique,1993,https://fbref.com/en/players/416cc950/Caique,https://www.transfermarkt.com/caique-lemes/profil/spieler/371927
Carlos,1999,https://fbref.com/en/players/8d3cd59d/Carlos,https://www.transfermarkt.com/carlos-augusto/profil/spieler/585982
Carlos Enrique Renteria,1995,https://fbref.com/en/players/c5dc1be3/Carlos-Enrique-Renteria,https://www.transfermarkt.com/neneco/profil/spieler/262951
Carlos González Espínola,1993,https://fbref.com/en/players/5c059b5d/Carlos-Gonzalez-Espinola,https://www.transfermarkt.com/carlos-gonzalez/profil/spieler/366620
Casey Pettit,,https://fbref.com/en/players/02f607ba/Casey-Pettit,https://www.transfermarkt.com/casey-pettit/profil/spieler/802233
Cássio,1994,https://fbref.com/en/players/36334180/Cassio,https://www.transfermarkt.com/cassio-scheid/profil/spieler/510635
César Castillo,2000,https://fbref.com/en/players/4b46566d/Cesar-Castillo,https://www.transfermarkt.com/cesar-leyva/profil/spieler/971671
Charles Ondo,2003,https://fbref.com/en/players/4fd96308/Charles-Ondo,https://www.transfermarkt.com/charles-ondo/profil/spieler/854839
Charles Rigon Matos,1996,https://fbref.com/en/players/6ff91a3a/Charles-Rigon-Matos,https://www.transfermarkt.com/schnellsuche/ergebnis/schnellsuche?query=Charles+Rigon+Matos
Charlie Hughes,2003,https://fbref.com/en/players/29c29cef/Charlie-Hughes,https://www.transfermarkt.com/charlie-hughes/profil/spieler/746357
Chico,1995,https://fbref.com/en/players/bc16535e/Chico,https://www.transfermarkt.com/francisco-da-costa/profil/spieler/559602
Chrigor Flore,2000,https://fbref.com/en/players/226f1a53/Chrigor-Flore,https://www.transfermarkt.com/chrigor/profil/spieler/595168
Christian Castillo,1996,https://fbref.com/en/players/d6f74787/Christian-Castillo,https://www.transfermarkt.com/christian-leyva/profil/spieler/853670
Christian Giménez,1981,https://fbref.com/en/players/e97a88da/Christian-Gimenez,https://www.transfermarkt.com/christian-gimenez/profil/spieler/28085
Christian Neiva Afonso,1994,https://fbref.com/en/players/b3ec13e0/Christian-Neiva-Afonso,https://www.transfermarkt.com/kiki/profil/spieler/270055
Claudemir de Souza,1988,https://fbref.com/en/players/1b033987/Claudemir-de-Souza,https://www.transfermarkt.com/claudemir/profil/spieler/68275
Cleiton Schwengber,1997,https://fbref.com/en/players/d24ae824/Cleiton-Schwengber,https://www.transfermarkt.com/cleiton/profil/spieler/468247
Cornell MacDonald,2001,https://fbref.com/en/players/900298b0/Cornell-MacDonald,https://www.transfermarkt.com/kornell-mcdonald/profil/spieler/552614
Cristian Devenish,2001,https://fbref.com/en/players/a3f386fc/Cristian-Devenish,https://www.transfermarkt.com/cristian-castro/profil/spieler/726697
Cristian González Bautista,1998,https://fbref.com/en/players/171ea2fe/Cristian-Gonzalez-Bautista,https://www.transfermarkt.com/cristian-gonzalez/profil/spieler/508256
Cristiano Japa,2000,https://fbref.com/en/players/2c78a740/Cristiano-Japa,https://www.transfermarkt.com/cristiano/profil/spieler/902135
Crysan,1996,https://fbref.com/en/players/70acbadc/Crysan,https://www.transfermarkt.com/cryzan/profil/spieler/373300
Damian Timan,2001,https://fbref.com/en/players/3de99a2a/Damian-Timan,https://www.transfermarkt.com/damian-timan/profil/spieler/412938
Damian van der Haar,,https://fbref.com/en/players/fb0346ad/Damian-van-der-Haar,https://www.transfermarkt.com/damian-van-der-haar/profil/spieler/640558
Dani Bolt,1999,https://fbref.com/en/players/e9d131a1/Dani-Bolt,https://www.transfermarkt.com/daniel/profil/spieler/735790
Daniel,1996,https://fbref.com/en/players/fc2a8364/Daniel,https://www.transfermarkt.com/daniel-dos-anjos/profil/spieler/523364
Daniel Bandeira,2000,https://fbref.com/en/players/56fca564/Daniel-Bandeira,https://www.transfermarkt.com/dani-silva/profil/spieler/372445
Daniel Høegh,1991,https://fbref.com/en/players/01204d46/Daniel-Hoegh,https://www.transfermarkt.com/daniel-hoegh/profil/spieler/99100
Daniel Leite,1998,https://fbref.com/en/players/f7c68686/Daniel-Leite,https://www.transfermarkt.com/dani-figueira/profil/spieler/475407
Daniel Pinedo,2000,https://fbref.com/en/players/30f57b90/Daniel-Pinedo,https://www.transfermarkt.com/daniel-lopez/profil/spieler/828255
Danilo,1997,https://fbref.com/en/players/415a34c5/Danilo,https://www.transfermarkt.com/danilo-cardoso/profil/spieler/870414
Danilo veiga,2002,https://fbref.com/en/players/cc094532/Danilo-veiga,https://www.transfermarkt.com/danilo-veiga/profil/spieler/728485
Danny Loader,2000,https://fbref.com/en/players/e9fda01d/Danny-Loader,https://www.transfermarkt.com/danny-namaso/profil/spieler/392767
Dario Đumić,1992,https://fbref.com/en/players/c575919f/Dario-Djumic,https://www.transfermarkt.com/dario-dumic/profil/spieler/78818
Dauda Mohammed,1998,https://fbref.com/en/players/06fee814/Dauda-Mohammed,https://www.transfermarkt.com/mo-dauda/profil/spieler/360711
David Cabrera Pujol,1989,https://fbref.com/en/players/23f60edd/David-Cabrera-Pujol,https://www.transfermarkt.com/david-cabrera/profil/spieler/58521
David Rodriguez,2002,https://fbref.com/en/players/c9f17934/David-Rodriguez,https://www.transfermarkt.com/david-rodriguez/profil/spieler/627211
Deiner Quiñónez,1995,https://fbref.com/en/players/011b2621/Deiner-Quinonez,https://www.transfermarkt.com/deinner-quinones/profil/spieler/352566
Dejan Stojanović,1993,https://fbref.com/en/players/d00539cf/Dejan-Stojanovic,https://www.transfermarkt.com/dejan-stojanovic/profil/spieler/115989
Delano van Crooy,1991,https://fbref.com/en/players/cbd1cdf2/Delano-van-Crooy,https://www.transfermarkt.com/delano-van-crooij/profil/spieler/159143
Denis Granečný,1998,https://fbref.com/en/players/8bc999b6/Denis-Granecny,https://www.transfermarkt.com/denis-granecny/profil/spieler/293351
Derick,1993,https://fbref.com/en/players/cb1580aa/Derick,https://www.transfermarkt.com/derick-poloni/profil/spieler/429564
Derick Fernando,2002,https://fbref.com/en/players/a19d96f6/Derick-Fernando,https://www.transfermarkt.com/derick/profil/spieler/574764
Deron Payne,2002,https://fbref.com/en/players/1118e3e3/Deron-Payne,https://www.transfermarkt.com/deron-payne/profil/spieler/790411
Diederrick Joel,1993,https://fbref.com/en/players/2986e65c/Diederrick-Joel,https://www.transfermarkt.com/joel-tagueu/profil/spieler/184928
Diego,1996,https://fbref.com/en/players/5763e584/Diego,https://www.transfermarkt.com/diego-ferreira/profil/spieler/382170
Diego,1998,https://fbref.com/en/players/6b023405/Diego,https://www.transfermarkt.com/diego-loureiro/profil/spieler/503218
Diego,1999,https://fbref.com/en/players/7fb8f90c/Diego,https://www.transfermarkt.com/diego-costa/profil/spieler/546212
Diego,1988,https://fbref.com/en/players/cd09e9a1/Diego,https://www.transfermarkt.com/diego-rigonato/profil/spieler/55042
Diego Chávez Collins,1995,https://fbref.com/en/players/3e2406b1/Diego-Chavez-Collins,https://www.transfermarkt.com/diego-chavez/profil/spieler/304322
Diego Cruz Esparza,1995,https://fbref.com/en/players/e33d517b/Diego-Cruz-Esparza,https://www.transfermarkt.com/diego-cruz/profil/spieler/401944
Diego Gómez,2003,https://fbref.com/en/players/fa054cd3/Diego-Gomez,https://www.transfermarkt.com/diego-gomez-medina/profil/spieler/971398
Dieguinho,1995,https://fbref.com/en/players/7e5a7340/Dieguinho,https://www.transfermarkt.com/diego/profil/spieler/548846
Diogo Miguel Guedes Almeida,1998,https://fbref.com/en/players/ba6168fe/Diogo-Miguel-Guedes-Almeida,https://www.transfermarkt.com/diga/profil/spieler/419458
Djalma Campos,1987,https://fbref.com/en/players/bd9813b9/Djalma-Campos,https://www.transfermarkt.com/djalma/profil/spieler/51191
Djavan da Silva Ferreira,1987,https://fbref.com/en/players/75d6273c/Djavan-da-Silva-Ferreira,https://www.transfermarkt.com/djavan/profil/spieler/291981
Doğan Erdoğan,1996,https://fbref.com/en/players/571d3ac1/Dogan-Erdogan,https://www.transfermarkt.com/dogan-erdogan/profil/spieler/239733
Doğukan Sınık,1999,https://fbref.com/en/players/fa027b60/Dogukan-Sinik,https://www.transfermarkt.com/dogukan-sinik/profil/spieler/370833
Douglas,1997,https://fbref.com/en/players/301c287b/Douglas,https://www.transfermarkt.com/douglas-augusto/profil/spieler/393621
Douglas,1983,https://fbref.com/en/players/e961d3ac/Douglas,https://www.transfermarkt.com/douglas-jesus/profil/spieler/67925
Douglas dos Santos,1982,https://fbref.com/en/players/04e49c58/Douglas-dos-Santos,https://www.transfermarkt.com/douglas/profil/spieler/34332
Dylan Kadji,2003,https://fbref.com/en/players/54618013/Dylan-Kadji,https://www.transfermarkt.com/dylan-kadji/profil/spieler/766253
Edenílson,1989,https://fbref.com/en/players/4e50f20e/Edenilson,https://www.transfermarkt.com/edenilson/profil/spieler/169052
Eder,1995,https://fbref.com/en/players/ba1a2c4c/Eder,https://www.transfermarkt.com/eder/profil/spieler/375690
Edílson Mendes,1986,https://fbref.com/en/players/d3de7d58/Edilson-Mendes,https://www.transfermarkt.com/edilson/profil/spieler/75083
Edimar Fraga,1986,https://fbref.com/en/players/e1bcce4c/Edimar-Fraga,https://www.transfermarkt.com/edimar/profil/spieler/74314
Edinho Campos,1983,https://fbref.com/en/players/d31b1009/Edinho-Campos,https://www.transfermarkt.com/edinho/profil/spieler/27363
Edson,1991,https://fbref.com/en/players/041250aa/Edson,https://www.transfermarkt.com/edson/profil/spieler/103146
Edson,1998,https://fbref.com/en/players/644d4d85/Edson,https://www.transfermarkt.com/edson-fernando/profil/spieler/686332
Edson Caríus,1988,https://fbref.com/en/players/a7623a64/Edson-Carius,https://www.transfermarkt.com/edson-carius/profil/spieler/639285
Edson Junior,1995,https://fbref.com/en/players/c300aab6/Edson-Junior,https://www.transfermarkt.com/edson-junior/profil/spieler/468364
Eduardo de Biasi,1997,https://fbref.com/en/players/828a04fa/Eduardo-de-Biasi,https://www.transfermarkt.com/eduardo/profil/spieler/540541
Eduardo Gabriel,1996,https://fbref.com/en/players/aed65960/Eduardo-Gabriel,https://www.transfermarkt.com/eduardo-bauermann/profil/spieler/294804
Eduardo Pérez Reyes,1993,https://fbref.com/en/players/e02b15cb/Eduardo-Perez-Reyes,https://www.transfermarkt.com/eduardo-perez/profil/spieler/291262
Eduardo Simões,2002,https://fbref.com/en/players/7ec723b7/Eduardo-Simoes,https://www.transfermarkt.com/eduardo-quaresma/profil/spieler/504073
Edwin Banguera,1996,https://fbref.com/en/players/408b59ae/Edwin-Banguera,https://www.transfermarkt.com/edwin-vente/profil/spieler/641151
Egídio Pereira Júnior,1986,https://fbref.com/en/players/6c5b3d31/Egidio-Pereira-Junior,https://www.transfermarkt.com/egidio/profil/spieler/54419
Elías,1985,https://fbref.com/en/players/97ce8f24/Elias,https://www.transfermarkt.com/elias/profil/spieler/74600
Elias Martello Curzel,1995,https://fbref.com/en/players/1b3a9910/Elias-Martello-Curzel,https://www.transfermarkt.com/elias/profil/spieler/479211
Eliseu Cassamá,1994,https://fbref.com/en/players/11dcfd0d/Eliseu-Cassama,https://www.transfermarkt.com/nadjack/profil/spieler/315970
Elson José Dias Júnior,1991,https://fbref.com/en/players/158b37a1/Elson-Jose-Dias-Junior,https://www.transfermarkt.com/elsinho/profil/spieler/374342
Élton Rodrigues Brandão,1985,https://fbref.com/en/players/e59be3c8/Elton-Rodrigues-Brandao,https://www.transfermarkt.com/elton/profil/spieler/41052
Elvis Vieira Araújo,1990,https://fbref.com/en/players/b5391b63/Elvis-Vieira-Araujo,https://www.transfermarkt.com/elvis/profil/spieler/76135
Emanuel Montejano Arroyo,2001,https://fbref.com/en/players/7c0da546/Emanuel-Montejano-Arroyo,https://www.transfermarkt.com/emanuel-montejano/profil/spieler/716749
Emil Riis Jakobsen,1998,https://fbref.com/en/players/292cdb26/Emil-Riis-Jakobsen,https://www.transfermarkt.com/emil-riis/profil/spieler/293325
Emiliano Velázco,2004,https://fbref.com/en/players/d4c3c92f/Emiliano-Velazco,https://www.transfermarkt.com/emiliano-velazco/profil/spieler/1053538
Ênio,2001,https://fbref.com/en/players/661b892f/Enio,https://www.transfermarkt.com/enio/profil/spieler/740085
Enrique Gomez,2004,https://fbref.com/en/players/59ffa68e/Enrique-Gomez,https://www.transfermarkt.com/enrique-gomez/profil/spieler/1067626
Enzo Cornelisse,2003,https://fbref.com/en/players/441f7f4c/Enzo-Cornelisse,https://www.transfermarkt.com/enzo-cornelisse/profil/spieler/607164
Erdem Şen,1989,https://fbref.com/en/players/91c76ce6/Erdem-Sen,https://www.transfermarkt.com/erdem-sen/profil/spieler/86536
Erhun Oztumer,1991,https://fbref.com/en/players/327092e2/Erhun-Oztumer,https://www.transfermarkt.com/erhun-oztumer/profil/spieler/326843
Erik Lima,1994,https://fbref.com/en/players/d038510e/Erik-Lima,https://www.transfermarkt.com/erik/profil/spieler/262016
Ernandes Dias Luz,1987,https://fbref.com/en/players/c286d595/Ernandes-Dias-Luz,https://www.transfermarkt.com/ernandes/profil/spieler/108611
Estevão,2002,https://fbref.com/en/players/149f4681/Estevao,https://www.transfermarkt.com/estevao/profil/spieler/982552
Ettson Ayon,2001,https://fbref.com/en/players/5329413c/Ettson-Ayon,https://www.transfermarkt.com/ettson-ayon/profil/spieler/945935
Evandro Goebel,1986,https://fbref.com/en/players/67dbadfc/Evandro-Goebel,https://www.transfermarkt.com/evandro/profil/spieler/53359
Everaldo Stum,1991,https://fbref.com/en/players/0ac3d7d8/Everaldo-Stum,https://www.transfermarkt.com/everaldo/profil/spieler/205041
Everson,1997,https://fbref.com/en/players/d7d6c525/Everson,https://www.transfermarkt.com/everson/profil/spieler/468253
Éverson,1990,https://fbref.com/en/players/a59c090b/Everson,https://www.transfermarkt.com/everson/profil/spieler/106032
Everton Nascimento de Mendonça,1993,https://fbref.com/en/players/141d33c4/Everton-Nascimento-de-Mendonca,https://www.transfermarkt.com/everton/profil/spieler/430121
Everton Soares,1996,https://fbref.com/en/players/b1cbc666/Everton-Soares,https://www.transfermarkt.com/everton/profil/spieler/321239
Ewerton,2000,https://fbref.com/en/players/c41aca39/Ewerton,https://www.transfermarkt.com/ewerthon/profil/spieler/676034
Fabiano,2000,https://fbref.com/en/players/f5e7fdf9/Fabiano,https://www.transfermarkt.com/fabiano-silva/profil/spieler/657387
Fabiano Leismann,1991,https://fbref.com/en/players/d8b87439/Fabiano-Leismann,https://www.transfermarkt.com/fabiano/profil/spieler/271335
Fabijan Buntić,1997,https://fbref.com/en/players/f566b29e/Fabijan-Buntic,https://www.transfermarkt.com/fabijan-buntic/profil/spieler/248349
Fábio,1997,https://fbref.com/en/players/30f90535/Fabio,https://www.transfermarkt.com/fabio-gomes/profil/spieler/548298
Fábio Gonçalves,1986,https://fbref.com/en/players/5bdc9542/Fabio-Goncalves,https://www.transfermarkt.com/fabinho/profil/spieler/210548
Fábio Szymonek,1990,https://fbref.com/en/players/041515c5/Fabio-Szymonek,https://www.transfermarkt.com/fabio/profil/spieler/95261
Fabrício,1997,https://fbref.com/en/players/0211a29e/Fabricio,https://www.transfermarkt.com/fabricio-daniel/profil/spieler/787269
Fabrício Biato,2001,https://fbref.com/en/players/5793b526/Fabricio-Biato,https://www.transfermarkt.com/fabricio/profil/spieler/816133
Fabrício dos Santos Messias,1990,https://fbref.com/en/players/9e9f2dac/Fabricio-dos-Santos-Messias,https://www.transfermarkt.com/fabricio/profil/spieler/173617
Facundo Barcelo,1993,https://fbref.com/en/players/b0171781/Facundo-Barcelo,https://www.transfermarkt.com/facundo-barcelo/profil/spieler/259911
Faissal Zangre,1997,https://fbref.com/en/players/c9f18770/Faissal-Zangre,https://www.transfermarkt.com/faissal-zangre/profil/spieler/640492
Famara Diedhiou,1992,https://fbref.com/en/players/e447352c/Famara-Diedhiou,https://www.transfermarkt.com/famara-diedhiou/profil/spieler/237125
Felipe Alves Raymundo,1988,https://fbref.com/en/players/7fbe8689/Felipe-Alves-Raymundo,https://www.transfermarkt.com/felipe-alves/profil/spieler/189682
Felipe Mateus,2000,https://fbref.com/en/players/a4d5d0b2/Felipe-Mateus,https://www.transfermarkt.com/felipe-scheibig/profil/spieler/896667
Felipe Rocha,2002,https://fbref.com/en/players/a961e1c4/Felipe-Rocha,https://www.transfermarkt.com/felipinho/profil/spieler/1076794
Felipe Silva Lipe,2002,https://fbref.com/en/players/6b2bfcda/Felipe-Silva-Lipe,https://www.transfermarkt.com/felipe-silva/profil/spieler/908236
Fernando,1997,https://fbref.com/en/players/279277ed/Fernando,https://www.transfermarkt.com/fernando-caixeta/profil/spieler/597588
Fernando Camilo Farias,1986,https://fbref.com/en/players/48c1930e/Fernando-Camilo-Farias,https://www.transfermarkt.com/camilo/profil/spieler/74286
Fernando González,2001,https://fbref.com/en/players/3a23190a/Fernando-Gonzalez,https://www.transfermarkt.com/fernando-gonzalez/profil/spieler/1067605
Fernando Navarro Morán,1989,https://fbref.com/en/players/1e368495/Fernando-Navarro-Moran,https://www.transfermarkt.com/fernando-navarro/profil/spieler/71468
Fernando Pacheco Rivas,1999,https://fbref.com/en/players/734a0997/Fernando-Pacheco-Rivas,https://www.transfermarkt.com/fernando-pacheco/profil/spieler/451338
Festus Arthur,2001,https://fbref.com/en/players/8200275b/Festus-Arthur,https://www.transfermarkt.com/festus-arthur/profil/spieler/694830
Filipe Couto,1994,https://fbref.com/en/players/a289c752/Filipe-Couto,https://www.transfermarkt.com/filipe-cardoso/profil/spieler/352764
Fredrik Hammer,2001,https://fbref.com/en/players/78eac916/Fredrik-Hammer,https://www.transfermarkt.com/fredrik-hammar/profil/spieler/504245
Fredrik Midtsjø,1993,https://fbref.com/en/players/7b57c56a/Fredrik-Midtsjo,https://www.transfermarkt.com/fredrik-midtsjo/profil/spieler/136180
Gabriel Chapecó,2000,https://fbref.com/en/players/a24714b4/Gabriel-Chapeco,https://www.transfermarkt.com/gabriel-grando/profil/spieler/878037
Gabriel López,2003,https://fbref.com/en/players/19bc33ae/Gabriel-Lopez,https://www.transfermarkt.com/gabriel-lopez/profil/spieler/1029149
Gabriel Neris,2001,https://fbref.com/en/players/54fe5551/Gabriel-Neris,https://www.transfermarkt.com/gabriel-tota/profil/spieler/940145
Gabriel Vieira,2002,https://fbref.com/en/players/63904ba9/Gabriel-Vieira,https://www.transfermarkt.com/gabriel-silva/profil/spieler/627224
Gelson,1996,https://fbref.com/en/players/c69656cd/Gelson,https://www.transfermarkt.com/gelson-dala/profil/spieler/407907
Gerardo Flores Zúñiga,1986,https://fbref.com/en/players/7e9c78b9/Gerardo-Flores-Zuniga,https://www.transfermarkt.com/gerardo-flores/profil/spieler/53584
Gerardo Magaña,2002,https://fbref.com/en/players/01d09351/Gerardo-Magana,https://www.transfermarkt.com/gerardo-magana/profil/spieler/718081
Gerson Vázquez,2001,https://fbref.com/en/players/191aa29a/Gerson-Vazquez,https://www.transfermarkt.com/gerson-ogara/profil/spieler/668534
Getterson,1991,https://fbref.com/en/players/7c976f7a/Getterson,https://www.transfermarkt.com/getterson-alves/profil/spieler/446043
Getúlio,1997,https://fbref.com/en/players/e3745007/Getulio,https://www.transfermarkt.com/getulio/profil/spieler/592345
Giovanni Palmieri,1989,https://fbref.com/en/players/296e5c63/Giovanni-Palmieri,https://www.transfermarkt.com/giovanni/profil/spieler/270650
Giovanni Piccolomo,1994,https://fbref.com/en/players/b66570a5/Giovanni-Piccolomo,https://www.transfermarkt.com/giovanni/profil/spieler/202919
Giuliano de Paula,1990,https://fbref.com/en/players/ab1b205d/Giuliano-de-Paula,https://www.transfermarkt.com/giuliano/profil/spieler/54375
Giva,1999,https://fbref.com/en/players/9e39b7d8/Giva,https://www.transfermarkt.com/giva-santos/profil/spieler/674487
Gonçalo,2001,https://fbref.com/en/players/09518c9a/Goncalo,https://www.transfermarkt.com/goncalo-oliveira/profil/spieler/481617
Görkem Sağlam,1998,https://fbref.com/en/players/651d9f0a/Gorkem-Saglam,https://www.transfermarkt.com/gorkem-saglam/profil/spieler/251345
Guilherme Carvalho,1999,https://fbref.com/en/players/a32d25d3/Guilherme-Carvalho,https://www.transfermarkt.com/guilherme-castilho/profil/spieler/726005
Guilherme Eulalio,1997,https://fbref.com/en/players/8682349a/Guilherme-Eulalio,https://www.transfermarkt.com/guilherme-eulalio/profil/spieler/599526
Guillermo Martínez Ayala,1995,https://fbref.com/en/players/59146354/Guillermo-Martinez-Ayala,https://www.transfermarkt.com/guillermo-martinez/profil/spieler/347932
Guito,2003,https://fbref.com/en/players/863cf282/Guito,https://www.transfermarkt.com/guito-madureira/profil/spieler/924883
Gustavo,1984,https://fbref.com/en/players/c40a85f3/Gustavo,https://www.transfermarkt.com/gustavo/profil/spieler/69824
Gustavo Cuellar,1992,https://fbref.com/en/players/cdd22fcf/Gustavo-Cuellar,https://www.transfermarkt.com/gustavo-cuellar/profil/spieler/119333
Gustavo sá,2004,https://fbref.com/en/players/29d68ea8/Gustavo-sa,https://www.transfermarkt.com/gustavo-sa/profil/spieler/982575
Gustavo Velásquez,1991,https://fbref.com/en/players/b99b4cf5/Gustavo-Velasquez,https://www.transfermarkt.com/gustavo-velazquez/profil/spieler/389399
Gyan de Regt,2002,https://fbref.com/en/players/bae360fd/Gyan-de-Regt,https://www.transfermarkt.com/gyan-de-regt/profil/spieler/747243
Habib sylla,1999,https://fbref.com/en/players/0a17a7af/Habib-sylla,https://www.transfermarkt.com/habib-sylla/profil/spieler/567587
Hamish Douglas,,https://fbref.com/en/players/0dc238bb/Hamish-Douglas,https://www.transfermarkt.com/hamish-douglas/profil/spieler/967295
Haris Seferović,1992,https://fbref.com/en/players/a45eac1f/Haris-Seferovic,https://www.transfermarkt.com/haris-seferovic/profil/spieler/109256
Haris Vučkić,1992,https://fbref.com/en/players/a8f4dfb9/Haris-Vuckic,https://www.transfermarkt.com/haris-vuckic/profil/spieler/76560
Héctor,1995,https://fbref.com/en/players/6294bc9d/Hector,https://www.transfermarkt.com/hector-hernandez/profil/spieler/273738
Henk Veerman,1993,https://fbref.com/en/players/e1a1b481/Henk-Veerman,https://www.transfermarkt.com/henk-veerman/profil/spieler/271743
Henrique Ribeiro,2002,https://fbref.com/en/players/5524044b/Henrique-Ribeiro,https://www.transfermarkt.com/henrique-pires/profil/spieler/817492
Higor,1994,https://fbref.com/en/players/fb8b684d/Higor,https://www.transfermarkt.com/higor-meritao/profil/spieler/646432
Hudson,1988,https://fbref.com/en/players/f81b80fb/Hudson,https://www.transfermarkt.com/hudson/profil/spieler/54257
Hugo González Durán,1990,https://fbref.com/en/players/24c6fb79/Hugo-Gonzalez-Duran,https://www.transfermarkt.com/hugo-gonzalez/profil/spieler/129031
Hugues Zagbayou,1990,https://fbref.com/en/players/769808b7/Hugues-Zagbayou,https://www.transfermarkt.com/evrard-zag/profil/spieler/106014
Ian Gonzalez Nieto,1993,https://fbref.com/en/players/040e5ca4/Ian-Gonzalez-Nieto,https://www.transfermarkt.com/ian-gonzalez/profil/spieler/253892
Ibrahim Drešević,1997,https://fbref.com/en/players/811ca2d3/Ibrahim-Dresevic,https://www.transfermarkt.com/ibrahim-dresevic/profil/spieler/321135
Ibrahima Camará,1999,https://fbref.com/en/players/922f894e/Ibrahima-Camara,https://www.transfermarkt.com/ibrahima/profil/spieler/595012
Igor,1992,https://fbref.com/en/players/57c27b61/Igor,https://www.transfermarkt.com/igor-fernandes/profil/spieler/250841
Igor,1989,https://fbref.com/en/players/b771fba3/Igor,https://www.transfermarkt.com/igor/profil/spieler/122399
Igor,2003,https://fbref.com/en/players/fb19d550/Igor,https://www.transfermarkt.com/igor-jesus/profil/spieler/978037
Igor Cássio,1998,https://fbref.com/en/players/f35b3447/Igor-Cassio,https://www.transfermarkt.com/igor-cassio/profil/spieler/524439
Igor Goularte,1996,https://fbref.com/en/players/ae014671/Igor-Goularte,https://www.transfermarkt.com/iguinho/profil/spieler/638586
Igor Vekič,1998,https://fbref.com/en/players/fcc5a185/Igor-Vekic,https://www.transfermarkt.com/igor-vekic/profil/spieler/341535
Ilija Vukotić,1999,https://fbref.com/en/players/8ff37fd4/Ilija-Vukotic,https://www.transfermarkt.com/ilija-vukotic/profil/spieler/344474
Illian Hernandez,2000,https://fbref.com/en/players/2307f286/Illian-Hernandez,https://www.transfermarkt.com/illian-hernandez/profil/spieler/704867
Iman Griffith,2001,https://fbref.com/en/players/b27beec7/Iman-Griffith,https://www.transfermarkt.com/iman-griffith/profil/spieler/515396
Isaác Muniz,2002,https://fbref.com/en/players/6d5f8ef3/Isaac-Muniz,https://www.transfermarkt.com/isaac-muniz/profil/spieler/804283
Ivan Dolček,2000,https://fbref.com/en/players/fc30b347/Ivan-Dolcek,https://www.transfermarkt.com/ivan-dolcek/profil/spieler/554565
Ivan Jaime Pajuelo,2000,https://fbref.com/en/players/90ba7fa6/Ivan-Jaime-Pajuelo,https://www.transfermarkt.com/ivan-jaime/profil/spieler/610335
Iván Morales Bravo,1999,https://fbref.com/en/players/3468cf5d/Ivan-Morales-Bravo,https://www.transfermarkt.com/ivan-morales/profil/spieler/461608
Iván Santillán,1990,https://fbref.com/en/players/046f3c1b/Ivan-Santillan,https://www.transfermarkt.com/ivan-santillan/profil/spieler/103817
Jack Diamond,2000,https://fbref.com/en/players/dfe4f773/Jack-Diamond,https://www.transfermarkt.com/jack-diamond/profil/spieler/484385
Jack Rudoni,2000,https://fbref.com/en/players/4d395e2b/Jack-Rudoni,https://www.transfermarkt.com/jack-rudoni/profil/spieler/662476
Jackson de Souza,1990,https://fbref.com/en/players/e82deb13/Jackson-de-Souza,https://www.transfermarkt.com/jackson/profil/spieler/193135
Jacob Gratton,2003,https://fbref.com/en/players/1e1491f1/Jacob-Gratton,https://www.transfermarkt.com/jacob-gratton/profil/spieler/731867
Jacob Slater,2004,https://fbref.com/en/players/a4a51de9/Jacob-Slater,https://www.transfermarkt.com/jacob-slater/profil/spieler/854930
Jadson,1993,https://fbref.com/en/players/05748af4/Jadson,https://www.transfermarkt.com/jadson/profil/spieler/205179
Jael Ferreira,1988,https://fbref.com/en/players/293db875/Jael-Ferreira,https://www.transfermarkt.com/jael/profil/spieler/80815
Jailson Siqueira,1995,https://fbref.com/en/players/b4819112/Jailson-Siqueira,https://www.transfermarkt.com/jailson/profil/spieler/366948
Jaime Gómez Valencia,1993,https://fbref.com/en/players/b083864c/Jaime-Gomez-Valencia,https://www.transfermarkt.com/jaime-gomez/profil/spieler/244724
Jaïr Haakmat,2003,https://fbref.com/en/players/df002653/Jair-Haakmat,https://www.transfermarkt.com/jair-haakmat/profil/spieler/639365
Jake Southern-Cooper,2000,https://fbref.com/en/players/d521711d/Jake-Southern-Cooper,https://www.transfermarkt.com/jake-cooper/profil/spieler/643162
James Berry,2000,https://fbref.com/en/players/7d98d54f/James-Berry,https://www.transfermarkt.com/james-berry-mcnally/profil/spieler/550446
Jamie McGrath,1996,https://fbref.com/en/players/0c8b5171/Jamie-McGrath,https://www.transfermarkt.com/jamie-mcgrath/profil/spieler/344107
Jan Žambůrek,2001,https://fbref.com/en/players/395880a4/Jan-Zamburek,https://www.transfermarkt.com/jan-zamburek/profil/spieler/487924
Jarro Pedroso,1993,https://fbref.com/en/players/c2bc9f4f/Jarro-Pedroso,https://www.transfermarkt.com/jarro-pedroso/profil/spieler/420400
Jason Bahamboula,2001,https://fbref.com/en/players/1f01506c/Jason-Bahamboula,https://www.transfermarkt.com/jason-bahamboula/profil/spieler/749855
Jean,1994,https://fbref.com/en/players/69a34ec0/Jean,https://www.transfermarkt.com/jean-irmer/profil/spieler/349826
Jean Bonora,2002,https://fbref.com/en/players/e762350a/Jean-Bonora,https://www.transfermarkt.com/jean-carlos/profil/spieler/965636
Jean Cléber,1990,https://fbref.com/en/players/16bf849a/Jean-Cleber,https://fbref.com/en/players/16bf849a/Jean-Cleber
Jean Quiñonez,2001,https://fbref.com/en/players/1bd0edcc/Jean-Quinonez,https://www.transfermarkt.com/jean-carlos-quinonez/profil/spieler/834975
Jeferson Fernandes Macedo,1991,https://fbref.com/en/players/0396a706/Jeferson-Fernandes-Macedo,https://www.transfermarkt.com/perdigao/profil/spieler/256696
Jefferson,2000,https://fbref.com/en/players/1efed9c5/Jefferson,https://www.transfermarkt.com/kibe/profil/spieler/696655
Jefferson,1999,https://fbref.com/en/players/45cce300/Jefferson,https://www.transfermarkt.com/jeffinho/profil/spieler/884072
Jeriel Córdova,2002,https://fbref.com/en/players/8898f8a2/Jeriel-Cordova,https://www.transfermarkt.com/jeriel-de-santis/profil/spieler/657791
Jesse Debrah,2000,https://fbref.com/en/players/7531a03a/Jesse-Debrah,https://www.transfermarkt.com/jesse-debrah/profil/spieler/671490
Jesús Alcantar Rodríguez,2003,https://fbref.com/en/players/f1ff14eb/Jesus-Alcantar-Rodriguez,https://www.transfermarkt.com/jesus-alcantar/profil/spieler/796060
Jesus Gonzalez,1998,https://fbref.com/en/players/f2a0bbad/Jesus-Gonzalez,https://www.transfermarkt.com/jesus-gonzalez/profil/spieler/643498
Jesús Ochoa,2000,https://fbref.com/en/players/022693b5/Jesus-Ochoa,https://www.transfermarkt.com/alejandro-ochoa/profil/spieler/802849
Jesús Rubio,,https://fbref.com/en/players/908e6b5c/Jesus-Rubio,https://www.transfermarkt.com/everardo-rubio/profil/spieler/406664
Jhon Vasquez,1995,https://fbref.com/en/players/b6832e5e/Jhon-Vasquez,https://www.transfermarkt.com/jhon-vasquez/profil/spieler/389010
Jhonata,2000,https://fbref.com/en/players/c204c681/Jhonata,https://www.transfermarkt.com/jhonata-varela/profil/spieler/530388
Jhonatan Jowjow,2002,https://fbref.com/en/players/f82517a8/Jhonatan-Jowjow,https://www.transfermarkt.com/jhon-jhon/profil/spieler/964582
Jo,1995,https://fbref.com/en/players/7687b9dd/Jo,https://www.transfermarkt.com/jotm/profil/spieler/401931
João Afonso Crispim,1995,https://fbref.com/en/players/e40bdb5d/Joao-Afonso-Crispim,https://www.transfermarkt.com/joao-afonso/profil/spieler/224878
João Miguel,2000,https://fbref.com/en/players/98e292bb/Joao-Miguel,https://www.transfermarkt.com/joao-mendes/profil/spieler/684348
João Paulo Alves,1990,https://fbref.com/en/players/888b3b6c/Joao-Paulo-Alves,https://www.transfermarkt.com/joao-paulo/profil/spieler/519854
João Paulo Mior,1991,https://fbref.com/en/players/b96aa1d6/Joao-Paulo-Mior,https://www.transfermarkt.com/joao-paulo/profil/spieler/135984
João Ricardo Riedi,1988,https://fbref.com/en/players/4729d71a/Joao-Ricardo-Riedi,https://fbref.com/en/players/4729d71a/Joao-Ricardo-Riedi
João Tavares Almeida,1998,https://fbref.com/en/players/059848cc/Joao-Tavares-Almeida,https://www.transfermarkt.com/joao-tavares/profil/spieler/314989
Joel Bagan,2000,https://fbref.com/en/players/e9da32cb/Joel-Bagan,https://www.transfermarkt.com/joel-bagan/profil/spieler/742163
Joël Latibeaudière,2000,https://fbref.com/en/players/a4183553/Joel-Latibeaudiere,https://www.transfermarkt.com/joel-latibeaudiere/profil/spieler/412823
Joel silva,2003,https://fbref.com/en/players/6deb1eab/Joel-silva,https://www.transfermarkt.com/joel-silva/profil/spieler/929573
Joey Antonioli,2003,https://fbref.com/en/players/cc423d7c/Joey-Antonioli,https://www.transfermarkt.com/joey-antonioli/profil/spieler/702856
John Clarke,2004,https://fbref.com/en/players/0c3df334/John-Clarke,https://www.transfermarkt.com/john-clarke/profil/spieler/1026386
John Obi Mikel,1987,https://fbref.com/en/players/424d5f72/John-Obi-Mikel,https://www.transfermarkt.com/mikel-john-obi/profil/spieler/30739
Johnny Cardoso,2001,https://fbref.com/en/players/7426f085/Johnny-Cardoso,https://www.transfermarkt.com/johnny/profil/spieler/689505
Jón Daði Böðvarsson,1992,https://fbref.com/en/players/b62006f1/Jon-Dadi-Bodvarsson,https://www.transfermarkt.com/jon-dadi-bodvarsson/profil/spieler/114090
Jonas,1999,https://fbref.com/en/players/32794a5b/Jonas,https://www.transfermarkt.com/jonas-toro/profil/spieler/575375
Jonathan,1998,https://fbref.com/en/players/f3f60814/Jonathan,https://www.transfermarkt.com/jonathan-silva/profil/spieler/579346
Jonathan Buatu Mananga,1993,https://fbref.com/en/players/39d8474f/Jonathan-Buatu-Mananga,https://www.transfermarkt.com/jonathan-buatu/profil/spieler/137313
Jonathan David dos Santos Duré,1992,https://fbref.com/en/players/413663e3/Jonathan-David-dos-Santos-Dure,https://www.transfermarkt.com/jonathan-dos-santos/profil/spieler/403747
Jonathan Monroy,2001,https://fbref.com/en/players/02edb152/Jonathan-Monroy,https://www.transfermarkt.com/jonny-arriba/profil/spieler/585536
Jonathan Moreira,1986,https://fbref.com/en/players/90a2a72b/Jonathan-Moreira,https://www.transfermarkt.com/jonathan/profil/spieler/54149
Jordan Gabriel,1998,https://fbref.com/en/players/5d3ec9c5/Jordan-Gabriel,https://www.transfermarkt.com/jordan-lawrence-gabriel/profil/spieler/425900
Jordi Blom,2002,https://fbref.com/en/players/b7c0ec19/Jordi-Blom,https://www.transfermarkt.com/jordi-blom/profil/spieler/900070
José Castillo Pérez,2001,https://fbref.com/en/players/24bf30ba/Jose-Castillo-Perez,https://www.transfermarkt.com/jose-castillo/profil/spieler/811373
José Cevallos Enríquez,1995,https://fbref.com/en/players/ef45ec01/Jose-Cevallos-Enriquez,https://www.transfermarkt.com/jose-francisco-cevallos-jr-/profil/spieler/129725
José Espino,2000,https://fbref.com/en/players/85dd6c75/Jose-Espino,https://www.transfermarkt.com/jose-ramirez/profil/spieler/833593
José Pascual Alba Seva,2000,https://fbref.com/en/players/b7c4ae4c/Jose-Pascual-Alba-Seva,https://www.transfermarkt.com/pascu/profil/spieler/547354
José Walber,1997,https://fbref.com/en/players/b5a150f7/Jose-Walber,https://www.transfermarkt.com/walber/profil/spieler/540950
Joseph Low,2002,https://fbref.com/en/players/7723dee4/Joseph-Low,https://www.transfermarkt.com/joe-low/profil/spieler/633464
Josh Clarke,1995,https://fbref.com/en/players/28ce8676/Josh-Clarke,https://www.transfermarkt.com/josh-clarke/profil/spieler/283059
Josh Cogley,1996,https://fbref.com/en/players/01df3960/Josh-Cogley,https://www.transfermarkt.com/josh-dacres-cogley/profil/spieler/452683
Joshua Eijgenraam,2001,https://fbref.com/en/players/bcedc16e/Joshua-Eijgenraam,https://www.transfermarkt.com/joshua-eijgenraam/profil/spieler/618036
Joshua Kayode,1992,https://fbref.com/en/players/95d39da6/Joshua-Kayode,https://www.transfermarkt.com/joshua-kayode/profil/spieler/216457
Joshua Thomas,2002,https://fbref.com/en/players/6d80ba53/Joshua-Thomas,https://www.transfermarkt.com/joshua-thomas/profil/spieler/551011
Josip Mišić,1994,https://fbref.com/en/players/46152b69/Josip-Misic,https://www.transfermarkt.com/josip-misic/profil/spieler/227035
Josip Vuković,1992,https://fbref.com/en/players/43cec161/Josip-Vukovic,https://www.transfermarkt.com/josip-vukovic/profil/spieler/166230
Juan Familio-Castillo,2000,https://fbref.com/en/players/c7ff30a3/Juan-Familio-Castillo,https://www.transfermarkt.com/juan-familia-castillo/profil/spieler/349567
Juan Kayser,,https://fbref.com/en/players/f3a134b7/Juan-Kayser,https://www.transfermarkt.com/juan-kayser/profil/spieler/347754
Juan Pintado,1994,https://fbref.com/en/players/ba31fd7e/Juan-Pintado,https://www.transfermarkt.com/juan-pintado/profil/spieler/410456
Juan Ruiz,1999,https://fbref.com/en/players/c36d5c16/Juan-Ruiz,https://www.transfermarkt.com/juan-villa/profil/spieler/641131
Julien Celestine,1997,https://fbref.com/en/players/3dd4379b/Julien-Celestine,https://www.transfermarkt.com/julien-celestine/profil/spieler/518073
Julien Dacosta,1996,https://fbref.com/en/players/6564b5c1/Julien-Dacosta,https://www.transfermarkt.com/julien-da-costa/profil/spieler/289196
Julio,1995,https://fbref.com/en/players/6ad78c3f/Julio,https://www.transfermarkt.com/julio-cesar/profil/spieler/347019
Julio César González Trinidad,1992,https://fbref.com/en/players/fd622bea/Julio-Cesar-Gonzalez-Trinidad,https://www.transfermarkt.com/julio-gonzalez/profil/spieler/417196
Juninho,1986,https://fbref.com/en/players/2cc16e46/Juninho,https://www.transfermarkt.com/juninho-valoura/profil/spieler/101542
Kacper Kozłowski,2003,https://fbref.com/en/players/3ece036c/Kacper-Kozlowski,https://www.transfermarkt.com/kacper-kozlowski/profil/spieler/554284
Kacper Łopata,2001,https://fbref.com/en/players/86862905/Kacper-Lopata,https://www.transfermarkt.com/kacper-lopata/profil/spieler/633228
Kaio Nunes,1996,https://fbref.com/en/players/c91c14df/Kaio-Nunes,https://www.transfermarkt.com/kaio/profil/spieler/592342
Kaio Pantaleão,1995,https://fbref.com/en/players/a9be27f2/Kaio-Pantaleao,https://www.transfermarkt.com/kaio/profil/spieler/523363
Kalindi Alves de Souza,1993,https://fbref.com/en/players/242aad87/Kalindi-Alves-de-Souza,https://www.transfermarkt.com/kalindi/profil/spieler/379377
Kamil Jóźwiak,1998,https://fbref.com/en/players/bd4e3824/Kamil-Jozwiak,https://www.transfermarkt.com/kamil-jozwiak/profil/spieler/289167
Kauan,2003,https://fbref.com/en/players/34375e0b/Kauan,https://www.transfermarkt.com/kauan/profil/spieler/1066521
Kelvin Abrefa,,https://fbref.com/en/players/ceabce33/Kelvin-Abrefa,https://www.transfermarkt.com/kelvin-abrefa/profil/spieler/667202
Kevin Pina,1997,https://fbref.com/en/players/296026ae/Kevin-Pina,https://www.transfermarkt.com/kevin-lenini/profil/spieler/544586
Kléber,1998,https://fbref.com/en/players/174735d8/Kleber,https://www.transfermarkt.com/klebinho/profil/spieler/323868
Koka,1993,https://fbref.com/en/players/9fc2531b/Koka,https://www.transfermarkt.com/ahmed-hassan/profil/spieler/184816
Lazar Kojić,1999,https://fbref.com/en/players/e5f47cdb/Lazar-Kojic,https://www.transfermarkt.com/lazar-kojic/profil/spieler/477922
Lazar Rosić,1993,https://fbref.com/en/players/3c285843/Lazar-Rosic,https://www.transfermarkt.com/lazar-rosic/profil/spieler/198053
Leandro González Pirez,1992,https://fbref.com/en/players/5ba1112c/Leandro-Gonzalez-Pirez,https://www.transfermarkt.com/leandro-gonzalez-pirez/profil/spieler/113130
Leonardo Zabala,2003,https://fbref.com/en/players/bb71e009/Leonardo-Zabala,https://www.transfermarkt.com/leonardo-zabala/profil/spieler/661852
Lewis Leigh,,https://fbref.com/en/players/be26ecbe/Lewis-Leigh,https://www.transfermarkt.com/lewis-leigh/profil/spieler/747367
Lewis Walker,1998,https://fbref.com/en/players/07240809/Lewis-Walker,https://www.transfermarkt.com/lewis-walker/profil/spieler/430801
Louie Holzman,,https://fbref.com/en/players/1a694219/Louie-Holzman,https://www.transfermarkt.com/louie-holzman/profil/spieler/654158
Luan Garcia,1993,https://fbref.com/en/players/6ebe6cc1/Luan-Garcia,https://www.transfermarkt.com/luan/profil/spieler/178984
Luan Vieira,1993,https://fbref.com/en/players/c4f6bf06/Luan-Vieira,https://www.transfermarkt.com/luan/profil/spieler/313106
Lucao,1993,https://fbref.com/en/players/aa7e1bb1/Lucao,https://www.transfermarkt.com/lucas-maia/profil/spieler/451209
Lucas,2001,https://fbref.com/en/players/5d68f5b2/Lucas,https://www.transfermarkt.com/lucas-pires/profil/spieler/927768
Lucas,1999,https://fbref.com/en/players/7a3d0687/Lucas,https://www.transfermarkt.com/lucas-silva/profil/spieler/608943
Lucas Araujo,1999,https://fbref.com/en/players/7e5ba333/Lucas-Araujo,https://www.transfermarkt.com/lucas-araujo/profil/spieler/555018
Lucas Moreira,2000,https://fbref.com/en/players/b9d412ff/Lucas-Moreira,https://www.transfermarkt.com/lucas-cardoso/profil/spieler/931076
Lucas Villafáñez,1991,https://fbref.com/en/players/39ab758c/Lucas-Villafanez,https://www.transfermarkt.com/lucas-villafanez/profil/spieler/125918
Luciano Castán,1989,https://fbref.com/en/players/0470eeba/Luciano-Castan,https://www.transfermarkt.com/luciano-castan/profil/spieler/140541
Luís Cervantes,2001,https://fbref.com/en/players/1fd490ef/Luis-Cervantes,https://www.transfermarkt.com/luis-cervantes/profil/spieler/1031645
Luis Ernesto Pérez Martínez,1989,https://fbref.com/en/players/abf5d813/Luis-Ernesto-Perez-Martinez,https://www.transfermarkt.com/luis-perez/profil/spieler/118646
Luiz Otavio,1997,https://fbref.com/en/players/7e83c2cf/Luiz-Otavio,https://www.transfermarkt.com/luiz-otavio/profil/spieler/520484
Luka Adžić,1998,https://fbref.com/en/players/e3207d47/Luka-Adzic,https://www.transfermarkt.com/luka-adzic/profil/spieler/423609
Luka Ilić,1999,https://fbref.com/en/players/7bbcff4d/Luka-Ilic,https://www.transfermarkt.com/luka-ilic/profil/spieler/429790
Lukáš Horníček,2002,https://fbref.com/en/players/cc8312b4/Lukas-Hornicek,https://www.transfermarkt.com/lukas-hornicek/profil/spieler/629773
Luke Mariette,,https://fbref.com/en/players/c943909b/Luke-Mariette,https://www.transfermarkt.com/luke-mariette/profil/spieler/843453
Luuk Admiraal,2002,https://fbref.com/en/players/83db684b/Luuk-Admiraal,https://www.transfermarkt.com/luuk-admiraal/profil/spieler/736014
Mabrouk Rouai,2000,https://fbref.com/en/players/63c1a4e2/Mabrouk-Rouai,https://www.transfermarkt.com/mabrouk-rouai/profil/spieler/690608
Mádson,1992,https://fbref.com/en/players/766094be/Madson,https://www.transfermarkt.com/madson/profil/spieler/177845
Maguinho,1993,https://fbref.com/en/players/d1c855c5/Maguinho,https://www.transfermarkt.com/maguinho/profil/spieler/350766
Mamadu Candé,1990,https://fbref.com/en/players/d0f0b6dc/Mamadu-Cande,https://www.transfermarkt.com/muhammad-cande/profil/spieler/166379
Marcelo,2002,https://fbref.com/en/players/0e6c7c7b/Marcelo,https://www.transfermarkt.com/marcelo-ajul/profil/spieler/910216
Marcelo,1997,https://fbref.com/en/players/d9d4881f/Marcelo,https://www.transfermarkt.com/marcelo-dos-santos/profil/spieler/697818
Marco Aurélio Ribeiro Sousa,1995,https://fbref.com/en/players/0d652a81/Marco-Aurelio-Ribeiro-Sousa,https://www.transfermarkt.com/marco-ribeiro/profil/spieler/352558
Marcos de Paula Dutra,1993,https://fbref.com/en/players/739212ce/Marcos-de-Paula-Dutra,https://www.transfermarkt.com/marcao/profil/spieler/351229
Marcos Vinícius,1994,https://fbref.com/en/players/43db5820/Marcos-Vinicius,https://www.transfermarkt.com/marcos-vinicius/profil/spieler/189963
Marcos Ytalo,1996,https://fbref.com/en/players/70053afc/Marcos-Ytalo,https://www.transfermarkt.com/buiu/profil/spieler/375242
Marek Štěch,1990,https://fbref.com/en/players/e3a9968d/Marek-Stech,https://www.transfermarkt.com/marek-stech/profil/spieler/61589
Marin Šverko,1998,https://fbref.com/en/players/06dba850/Marin-Sverko,https://www.transfermarkt.com/marin-sverko/profil/spieler/282169
Mario,1982,https://fbref.com/en/players/e6ede7f4/Mario,https://www.transfermarkt.com/mario-abrante/profil/spieler/7803
Marius Mouandilmadji,1997,https://fbref.com/en/players/ae546ee9/Marius-Mouandilmadji,https://www.transfermarkt.com/marius/profil/spieler/598399
Marko Maroši,1993,https://fbref.com/en/players/1aa0308a/Marko-Marosi,https://www.transfermarkt.com/marko-marosi/profil/spieler/289411
Marko Petković,1992,https://fbref.com/en/players/70d31829/Marko-Petkovic,https://www.transfermarkt.com/marko-petkovic/profil/spieler/156722
Marlon,1994,https://fbref.com/en/players/a87b508e/Marlon,https://www.transfermarkt.com/marlon-lopes/profil/spieler/443721
Marquinho,2002,https://fbref.com/en/players/f3f2fc15/Marquinho,https://www.transfermarkt.com/marco-junior/profil/spieler/942096
Martim Carvalho,2003,https://fbref.com/en/players/f98c4f0a/Martim-Carvalho,https://www.transfermarkt.com/martim-neto/profil/spieler/549027
Masaki Watai,1999,https://fbref.com/en/players/2cd947bb/Masaki-Watai,https://www.transfermarkt.com/masa/profil/spieler/550631
Mateo Leš,2000,https://fbref.com/en/players/5eaad139/Mateo-Les,https://www.transfermarkt.com/mateo-les/profil/spieler/476755
Mateus Fernandes,2004,https://fbref.com/en/players/ef491564/Mateus-Fernandes,https://www.transfermarkt.com/mateus-fernandes/profil/spieler/880245
Mateus Galiano da Costa,1984,https://fbref.com/en/players/04dcba53/Mateus-Galiano-da-Costa,https://www.transfermarkt.com/mateus-fernandes/profil/spieler/880245
Mateus Gonçalves Martins,1994,https://fbref.com/en/players/20e9c1c7/Mateus-Goncalves-Martins,https://www.transfermarkt.com/mateus-goncalves/profil/spieler/352890
Matheus,1992,https://fbref.com/en/players/ef3909cd/Matheus,https://www.transfermarkt.com/matheus-magalhaes/profil/spieler/177547
Matheus Cotulio Bossa,1993,https://fbref.com/en/players/95562b14/Matheus-Cotulio-Bossa,https://www.transfermarkt.com/matheuzinho/profil/spieler/213539
Matheus Sávio,1997,https://fbref.com/en/players/41c692fc/Matheus-Savio,https://www.transfermarkt.com/matheus-savio/profil/spieler/312666
Mathias Kjølø,2001,https://fbref.com/en/players/4066ff66/Mathias-Kjolo,https://www.transfermarkt.com/mathias-kjolo/profil/spieler/528652
Matija Ljujić,1993,https://fbref.com/en/players/a32382d2/Matija-Ljujic,https://www.transfermarkt.com/matija-ljujic/profil/spieler/181686
Matija Šarkić,1997,https://fbref.com/en/players/a89e7b29/Matija-Sarkic,https://www.transfermarkt.com/matija-sarkic/profil/spieler/293257
Mato Miloš,1993,https://fbref.com/en/players/9cf4a67f/Mato-Milos,https://www.transfermarkt.com/mato-milos/profil/spieler/178078
Matthew Baker,2003,https://fbref.com/en/players/2506b716/Matthew-Baker,https://www.transfermarkt.com/matthew-baker/profil/spieler/583991
Matty Jacob,2001,https://fbref.com/en/players/2875c756/Matty-Jacob,https://www.transfermarkt.com/matty-jacob/profil/spieler/729940
Mauricio,2001,https://fbref.com/en/players/bf4cbc22/Mauricio,https://www.transfermarkt.com/mauricio/profil/spieler/678439
Michael Chacon,1994,https://fbref.com/en/players/01f5e508/Michael-Chacon,https://www.transfermarkt.com/michael-chacon/profil/spieler/158540
Michael Craig,2003,https://fbref.com/en/players/efa00ecf/Michael-Craig,https://www.transfermarkt.com/michael-craig/profil/spieler/633621
Michael Pérez Ortíz,1993,https://fbref.com/en/players/5cf877dc/Michael-Perez-Ortiz,https://www.transfermarkt.com/michael-perez/profil/spieler/249112
Michael Stickland,2002,https://fbref.com/en/players/dfe059f0/Michael-Stickland,https://www.transfermarkt.com/michael-stickland/profil/spieler/702287
Michal Sadílek,1999,https://fbref.com/en/players/7c9fa389/Michal-Sadilek,https://www.transfermarkt.com/michal-sadilek/profil/spieler/321204
Michel,1992,https://fbref.com/en/players/2b4eaa75/Michel,https://www.transfermarkt.com/michel-douglas/profil/spieler/261365
Michel Araujo,1996,https://fbref.com/en/players/1159e4ae/Michel-Araujo,https://www.transfermarkt.com/michel-araujo/profil/spieler/482144
Michel Custódio,2001,https://fbref.com/en/players/62e94a45/Michel-Custodio,https://www.transfermarkt.com/michel/profil/spieler/677679
Miguel Figueira,2000,https://fbref.com/en/players/99362ebe/Miguel-Figueira,https://www.transfermarkt.com/miguel-ferreira/profil/spieler/596527
Miguel Jiménez Ponce,1990,https://fbref.com/en/players/9c06f135/Miguel-Jimenez-Ponce,https://fbref.com/en/players/9c06f135/Miguel-Jimenez-Ponce
Miguel Silveira,2003,https://fbref.com/en/players/281942c4/Miguel-Silveira,https://www.transfermarkt.com/miguel/profil/spieler/662338
Mike Ndayishimiye,1999,https://fbref.com/en/players/b2a81fc6/Mike-Ndayishimiye,https://www.transfermarkt.com/mike-tresor/profil/spieler/381963
Moises,1996,https://fbref.com/en/players/ddd07a25/Moises,https://www.transfermarkt.com/moises/profil/spieler/788361
Moisés Magalhães,1988,https://fbref.com/en/players/8cba21c9/Moises-Magalhaes,https://www.transfermarkt.com/moises/profil/spieler/128822
Moses Yaw,1999,https://fbref.com/en/players/70c739db/Moses-Yaw,https://www.transfermarkt.com/yaw-moses/profil/spieler/527304
Mosquito,1996,https://fbref.com/en/players/c9c55581/Mosquito,https://www.transfermarkt.com/thiago-silva/profil/spieler/294817
Muchacho,2000,https://fbref.com/en/players/5dc49e4b/Muchacho,https://www.transfermarkt.com/leo-ferreira/profil/spieler/813039
Muhammet Tunahan Taşçı,2002,https://fbref.com/en/players/db71e6f3/Muhammet-Tunahan-Tasci,https://www.transfermarkt.com/tunahan-tasci/profil/spieler/594240
Muriel Becker,1987,https://fbref.com/en/players/826bc57f/Muriel-Becker,https://www.transfermarkt.com/muriel/profil/spieler/27349
Murilo Cerqueira,1997,https://fbref.com/en/players/10fe831e/Murilo-Cerqueira,https://www.transfermarkt.com/murilo/profil/spieler/458710
Murilo Oliveira de Freitas,1996,https://fbref.com/en/players/e9b9aaa0/Murilo-Oliveira-de-Freitas,https://www.transfermarkt.com/murilo/profil/spieler/442424
Namory Noel Cissé,2003,https://fbref.com/en/players/4d5affd1/Namory-Noel-Cisse,https://www.transfermarkt.com/namory-cisse/profil/spieler/634034
Nathan,2002,https://fbref.com/en/players/c5aa7b35/Nathan,https://www.transfermarkt.com/nathan-mendes/profil/spieler/887801
Nathan Camargo,2005,https://fbref.com/en/players/2c79da44/Nathan-Camargo,https://www.transfermarkt.com/nathan/profil/spieler/1015962
Nathan Wood-Gordon,2002,https://fbref.com/en/players/4ccf2d5b/Nathan-Wood-Gordon,https://www.transfermarkt.com/nathan-wood/profil/spieler/503990
Né lopes,2000,https://fbref.com/en/players/72c4f152/Ne-lopes,https://www.transfermarkt.com/ne-lopes/profil/spieler/641153
Nelson,1998,https://fbref.com/en/players/fb527299/Nelson,https://www.transfermarkt.com/nelson-luz/profil/spieler/514304
Nemanja Ćalasan,1996,https://fbref.com/en/players/59ebbd72/Nemanja-Calasan,https://www.transfermarkt.com/nemanja-calasan/profil/spieler/448764
Nemanja Mihajlović,1996,https://fbref.com/en/players/ad22007c/Nemanja-Mihajlovic,https://www.transfermarkt.com/nemanja-mihajlovic/profil/spieler/222825
Nermin Zolotić,1993,https://fbref.com/en/players/3b69e95f/Nermin-Zolotic,https://www.transfermarkt.com/nermin-zolotic/profil/spieler/131740
Nicklas Strunck,1999,https://fbref.com/en/players/beb5c4e6/Nicklas-Strunck,https://www.transfermarkt.com/nicklas-strunck-jakobsen/profil/spieler/345589
Nicolai Jørgensen,1991,https://fbref.com/en/players/dff19848/Nicolai-Jorgensen,https://www.transfermarkt.com/nicolai-jorgensen/profil/spieler/100399
Nicolas,2001,https://fbref.com/en/players/25685cf5/Nicolas,https://www.transfermarkt.com/nicolas-morsch/profil/spieler/723796
Nicolás Díaz Huincales,1999,https://fbref.com/en/players/308990ee/Nicolas-Diaz-Huincales,https://www.transfermarkt.com/nicolas-diaz/profil/spieler/539067
Nicolás Sanchez,1986,https://fbref.com/en/players/0a301459/Nicolas-Sanchez,https://www.transfermarkt.com/nicolas-sanchez/profil/spieler/58911
Niek Schiks,2004,https://fbref.com/en/players/16304ada/Niek-Schiks,https://www.transfermarkt.com/niek-schiks/profil/spieler/723005
Nikola Stojiljković,1992,https://fbref.com/en/players/ca3e2783/Nikola-Stojiljkovic,https://www.transfermarkt.com/nikola-stojiljkovic/profil/spieler/113504
Nilton Varela,2001,https://fbref.com/en/players/c5c22733/Nilton-Varela,https://www.transfermarkt.com/nilton/profil/spieler/681829
Nino Galović,1992,https://fbref.com/en/players/d280923b/Nino-Galovic,https://www.transfermarkt.com/nino-galovic/profil/spieler/194005
Noah Mawene,2005,https://fbref.com/en/players/3d09b8ae/Noah-Mawene,https://www.transfermarkt.com/noah-mawene/profil/spieler/854928
Nonoca,1998,https://fbref.com/en/players/06c062d4/Nonoca,https://www.transfermarkt.com/lucas-ventura/profil/spieler/520994
Omar Fernández Frasica,1993,https://fbref.com/en/players/548d8753/Omar-Fernandez-Frasica,https://www.transfermarkt.com/omar-fernandez/profil/spieler/285810
Omar Gonzalez,1988,https://fbref.com/en/players/0d2fe665/Omar-Gonzalez,https://www.transfermarkt.com/omar-gonzalez/profil/spieler/99690
Omari Kellyman,,https://fbref.com/en/players/aa888da7/Omari-Kellyman,https://www.transfermarkt.com/omari-kellyman/profil/spieler/926135
Ondřej Mihálik,1997,https://fbref.com/en/players/b1566bbe/Ondrej-Mihalik,https://www.transfermarkt.com/ondrej-mihalik/profil/spieler/265051
Orkun Kökçü,2000,https://fbref.com/en/players/9bf914b4/Orkun-Kokcu,https://www.transfermarkt.com/orkun-kokcu/profil/spieler/454567
Oscar Estupiñan,1996,https://fbref.com/en/players/213ab9bb/Oscar-Estupinan,https://www.transfermarkt.com/oscar-estupinan/profil/spieler/388266
Óscar Pérez Rojas,1973,https://fbref.com/en/players/e9249cea/Oscar-Perez-Rojas,https://www.transfermarkt.com/oscar-perez/profil/spieler/29560
Osvaldo Rodríguez del Portal,1996,https://fbref.com/en/players/db9f5c17/Osvaldo-Rodriguez-del-Portal,https://www.transfermarkt.com/osvaldo-rodriguez/profil/spieler/295426
Otavio Ataide,2002,https://fbref.com/en/players/6f22e535/Otavio-Ataide,https://www.transfermarkt.com/otavio/profil/spieler/818495
Pablo Barbosa,1999,https://fbref.com/en/players/880d2226/Pablo-Barbosa,https://www.transfermarkt.com/pablo/profil/spieler/592375
Pablo Bennevendo Peña,2000,https://fbref.com/en/players/2c45321f/Pablo-Bennevendo-Pena,https://www.transfermarkt.com/pablo-bennevendo/profil/spieler/923213
Pablo Diogo,1992,https://fbref.com/en/players/e244ceea/Pablo-Diogo,https://www.transfermarkt.com/pablo/profil/spieler/170366
Pantelis Hatzidiakos,1997,https://fbref.com/en/players/78a3c38e/Pantelis-Hatzidiakos,https://www.transfermarkt.com/pantelis-chatzidiakos/profil/spieler/144244
Patric Cabral Lalau,1989,https://fbref.com/en/players/16cd17b7/Patric-Cabral-Lalau,https://www.transfermarkt.com/patric/profil/spieler/95087
Patrick,1997,https://fbref.com/en/players/e857a755/Patrick,https://www.transfermarkt.com/patrick-william/profil/spieler/560903
Patrik Wålemark,2001,https://fbref.com/en/players/7d7660da/Patrik-Walemark,https://www.transfermarkt.com/patrik-walemark/profil/spieler/721470
Paulinho,1998,https://fbref.com/en/players/bc486f0e/Paulinho,https://www.transfermarkt.com/paulinho-boia/profil/spieler/544895
Paulinho Oliveira,1988,https://fbref.com/en/players/bbfbadd0/Paulinho-Oliveira,https://www.transfermarkt.com/paulinho/profil/spieler/411562
Paulo Godinho,2002,https://fbref.com/en/players/29868c52/Paulo-Godinho,https://www.transfermarkt.com/paulo-eduardo/profil/spieler/627229
Paulo Henrique Rodrigues Cabral,1996,https://fbref.com/en/players/750e1b50/Paulo-Henrique-Rodrigues-Cabral,https://www.transfermarkt.com/paulo-henrique/profil/spieler/292365
Paulo Sérgio Mota,1991,https://fbref.com/en/players/1c235226/Paulo-Sergio-Mota,https://www.transfermarkt.com/paulinho/profil/spieler/85771
Paulo Victor Vidotti,1987,https://fbref.com/en/players/68a3e731/Paulo-Victor-Vidotti,https://www.transfermarkt.com/paulo-victor/profil/spieler/67886
Paulo Vítor Fagundes dos Anjos,1988,https://fbref.com/en/players/077977c0/Paulo-Vitor-Fagundes-dos-Anjos,https://www.transfermarkt.com/paulo-vitor/profil/spieler/419120
Pedrão,1992,https://fbref.com/en/players/fbafd1b0/Pedrao,https://www.transfermarkt.com/pedro-henrique/profil/spieler/164015
Pedro Filipe Barbosa Moreira,1992,https://fbref.com/en/players/26966f24/Pedro-Filipe-Barbosa-Moreira,https://www.transfermarkt.com/pedrinho/profil/spieler/197981
Pedro Oliveira,2004,https://fbref.com/en/players/089b56d8/Pedro-Oliveira,https://www.transfermarkt.com/pedro-junqueira/profil/spieler/1022057
Pedro Rocha Neves,1994,https://fbref.com/en/players/b33e0095/Pedro-Rocha-Neves,https://www.transfermarkt.com/pedro-rocha/profil/spieler/362844
Pelly Ruddock Mpanzu,1993,https://fbref.com/en/players/a9b1c319/Pelly-Ruddock-Mpanzu,https://www.transfermarkt.com/pelly-ruddock-mpanzu/profil/spieler/244338
Per Kristian Bråtveit,1996,https://fbref.com/en/players/5a54155a/Per-Kristian-Bratveit,https://www.transfermarkt.com/per-kristian-bratveit/profil/spieler/226410
Peter Kioso,1998,https://fbref.com/en/players/40920f01/Peter-Kioso,https://www.transfermarkt.com/peter-kioso/profil/spieler/595652
Pharrell Willis,2003,https://fbref.com/en/players/926492d5/Pharrell-Willis,https://www.transfermarkt.com/pharrell-willis/profil/spieler/693289
Phelipe Megiolaro,1999,https://fbref.com/en/players/73aaa27d/Phelipe-Megiolaro,https://www.transfermarkt.com/phelipe/profil/spieler/608218
Quevin Castro,,https://fbref.com/en/players/a5ccd658/Quevin-Castro,https://www.transfermarkt.com/quevin-castro/profil/spieler/872546
Radosav Petrović,1989,https://fbref.com/en/players/7214c684/Radosav-Petrovic,https://www.transfermarkt.com/radosav-petrovic/profil/spieler/75296
Rafael,2000,https://fbref.com/en/players/469eddc6/Rafael,https://www.transfermarkt.com/rafael-holstein/profil/spieler/862873
Rafael Bracalli,1981,https://fbref.com/en/players/5f7d2dfe/Rafael-Bracalli,https://www.transfermarkt.com/rafael-bracali/profil/spieler/44177
Rafael Pires,1989,https://fbref.com/en/players/539f6761/Rafael-Pires,https://www.transfermarkt.com/rafael/profil/spieler/68097
Rai,2001,https://fbref.com/en/players/76695ab4/Rai,https://www.transfermarkt.com/raitm/profil/spieler/925861
Raí,1998,https://fbref.com/en/players/909aff69/Rai,https://www.transfermarkt.com/rai-nascimento/profil/spieler/483499
Ramazotti,1988,https://fbref.com/en/players/f5aa2187/Ramazotti,https://www.transfermarkt.com/ramazotti/profil/spieler/128833
Ramiro Benetti,1993,https://fbref.com/en/players/96d14fe7/Ramiro-Benetti,https://www.transfermarkt.com/ramiro/profil/spieler/258070
Ramon Menezes Roma,1995,https://fbref.com/en/players/eab48ffb/Ramon-Menezes-Roma,https://www.transfermarkt.com/ramon-menezes/profil/spieler/371025
Raphael,1992,https://fbref.com/en/players/968b3d05/Raphael,https://www.transfermarkt.com/raphael-silva/profil/spieler/280283
Rashawn Scott,2004,https://fbref.com/en/players/c242f4b6/Rashawn-Scott,https://www.transfermarkt.com/rashawn-scott/profil/spieler/586835
Raul Bicalho,1999,https://fbref.com/en/players/79af412b/Raul-Bicalho,https://www.transfermarkt.com/raul-gustavo/profil/spieler/792345
Reko,1999,https://fbref.com/en/players/84a7967e/Reko,https://www.transfermarkt.com/reko-silva/profil/spieler/511864
Renan,1997,https://fbref.com/en/players/9ccdd241/Renan,https://www.transfermarkt.com/renan-oliveira/profil/spieler/522091
Renat Dadaşov,1999,https://fbref.com/en/players/06dc2511/Renat-Dadasov,https://www.transfermarkt.com/renat-dadashov/profil/spieler/335461
Reza Ghoochannejad,1987,https://fbref.com/en/players/b1f31e45/Reza-Ghoochannejad,https://www.transfermarkt.com/reza-ghoochannejhad/profil/spieler/39522
Ricardo,1997,https://fbref.com/en/players/1254cdd7/Ricardo,https://www.transfermarkt.com/ricardo-graca/profil/spieler/524607
Ricardo Chávez Soto,1994,https://fbref.com/en/players/2229c165/Ricardo-Chavez-Soto,https://www.transfermarkt.com/ricardo-chavez/profil/spieler/347577
Ricardo Dias Acosta,1985,https://fbref.com/en/players/8284b911/Ricardo-Dias-Acosta,https://www.transfermarkt.com/ricardinho/profil/spieler/225912
Ricardo Guimarães,1995,https://fbref.com/en/players/ebbc1dfb/Ricardo-Guimaraes,https://www.transfermarkt.com/guima/profil/spieler/305425
Richard Rios Montoya,2000,https://fbref.com/en/players/72da065d/Richard-Rios-Montoya,https://www.transfermarkt.com/richard-rios/profil/spieler/735573
Rick Meijssen,2002,https://fbref.com/en/players/86a3a76d/Rick-Meijssen,https://www.transfermarkt.com/rick-meissen/profil/spieler/596178
Ricky Jade-Jones,2001,https://fbref.com/en/players/0e777d45/Ricky-Jade-Jones,https://www.transfermarkt.com/ricky-jade-jones/profil/spieler/677935
Rida El Barjiji,2001,https://fbref.com/en/players/54b00ed5/Rida-El-Barjiji,https://www.transfermarkt.com/rida-el-barjiji/profil/spieler/610071
Ringo Meerveld,2000,https://fbref.com/en/players/c148865c/Ringo-Meerveld,https://www.transfermarkt.com/ringo-meerveld/profil/spieler/577455
Róbert Boženík,1999,https://fbref.com/en/players/ba6cf633/Robert-Bozenik,https://www.transfermarkt.com/robert-bozenik/profil/spieler/454576
Roberto Heuchayer,1990,https://fbref.com/en/players/bd973b05/Roberto-Heuchayer,https://www.transfermarkt.com/roberto/profil/spieler/114144
Roberts Uldriķis,1998,https://fbref.com/en/players/9c86b2b8/Roberts-Uldrikis,https://www.transfermarkt.com/roberts-uldrikis/profil/spieler/342152
Robinho Vieira,1997,https://fbref.com/en/players/00fc3cfb/Robinho-Vieira,https://www.transfermarkt.com/robinho/profil/spieler/591353
Rodolfo de Melo,1991,https://fbref.com/en/players/b60aa73d/Rodolfo-de-Melo,https://www.transfermarkt.com/rodolfo/profil/spieler/102227
Rodri,1990,https://fbref.com/en/players/5200dce9/Rodri,https://www.transfermarkt.com/rodri-rios/profil/spieler/117549
Rodrigo,2004,https://fbref.com/en/players/1126f4e2/Rodrigo,https://www.transfermarkt.com/rodriguinho/profil/spieler/743593
Rodrigo,1998,https://fbref.com/en/players/cdfb04f5/Rodrigo,https://www.transfermarkt.com/rodrigo-freitas/profil/spieler/631785
Rodrigo Duarte,2005,https://fbref.com/en/players/484a3eae/Rodrigo-Duarte,https://www.transfermarkt.com/rodrigo-ribeiro/profil/spieler/726701
Rodrigo López,1987,https://fbref.com/en/players/29b51d26/Rodrigo-Lopez,https://www.transfermarkt.com/rodrigo-lopez/profil/spieler/28099
Rodriguinho Marinho,1988,https://fbref.com/en/players/0e335a47/Rodriguinho-Marinho,https://www.transfermarkt.com/rodriguinho/profil/spieler/77059
Rogelio Cortéz Pineda,2004,https://fbref.com/en/players/656316b4/Rogelio-Cortez-Pineda,https://www.transfermarkt.com/rogelio-cortez/profil/spieler/1053536
Roger Fernandes,2005,https://fbref.com/en/players/de8f6250/Roger-Fernandes,https://www.transfermarkt.com/roger/profil/spieler/906329
Romal Palmer,1999,https://fbref.com/en/players/ff1becbe/Romal-Palmer,https://www.transfermarkt.com/romal-palmer/profil/spieler/737861
Romoney Crichlow-Noble,1999,https://fbref.com/en/players/e410c58c/Romoney-Crichlow-Noble,https://www.transfermarkt.com/romoney-crichlow/profil/spieler/689891
Romulo,2000,https://fbref.com/en/players/395e0e95/Romulo,https://www.transfermarkt.com/romulo/profil/spieler/687359
Romulo,1996,https://fbref.com/en/players/905e06a3/Romulo,https://www.transfermarkt.com/romulo/profil/spieler/520462
Ronaldo Cesar,2000,https://fbref.com/en/players/b1200ea8/Ronaldo-Cesar,https://www.transfermarkt.com/ronaldo/profil/spieler/866670
Rosario Enrique Cota Carrazco,1995,https://fbref.com/en/players/12c59f01/Rosario-Enrique-Cota-Carrazco,https://www.transfermarkt.com/rosario-cota/profil/spieler/353760
Ruan,1994,https://fbref.com/en/players/03970956/Ruan,https://www.transfermarkt.com/ruan-renato/profil/spieler/520089
Ruan,1997,https://fbref.com/en/players/0b3d40f0/Ruan,https://www.transfermarkt.com/ruan-teles/profil/spieler/520787
Rúben Ramos,1999,https://fbref.com/en/players/0ea6e37d/Ruben-Ramos,https://www.transfermarkt.com/ismael/profil/spieler/468332
Rubio Rubin,1996,https://fbref.com/en/players/9bad7100/Rubio-Rubin,https://www.transfermarkt.com/rubio-rubin/profil/spieler/331282
Rui Filipe Cunha Correia,1995,https://fbref.com/en/players/34270aeb/Rui-Filipe-Cunha-Correia,https://www.transfermarkt.com/nene/profil/spieler/301824
Rwan,2001,https://fbref.com/en/players/568a75fd/Rwan,https://www.transfermarkt.com/rwan-seco/profil/spieler/973569
Ryley Towler,2001,https://fbref.com/en/players/108f0a72/Ryley-Towler,https://www.transfermarkt.com/ryley-towler/profil/spieler/801422
Sai Sachdev,,https://fbref.com/en/players/b30871cf/Sai-Sachdev,https://www.transfermarkt.com/sai-sachdev/profil/spieler/967304
Saikou Janneh,2001,https://fbref.com/en/players/1ec38d88/Saikou-Janneh,https://www.transfermarkt.com/saikou-janneh/profil/spieler/607199
Salo,1998,https://fbref.com/en/players/6d6ab329/Salo,https://www.transfermarkt.com/goncalo-agrelos/profil/spieler/380521
Salvador Reyes Chávez,1998,https://fbref.com/en/players/83d525a4/Salvador-Reyes-Chavez,https://www.transfermarkt.com/salvador-reyes/profil/spieler/557070
Sam Dalby,2000,https://fbref.com/en/players/38ae115f/Sam-Dalby,https://www.transfermarkt.com/sam-dalby/profil/spieler/470128
Sam Tickle,2002,https://fbref.com/en/players/e9f1c4de/Sam-Tickle,https://www.transfermarkt.com/sam-tickle/profil/spieler/647396
Samir Memišević,1993,https://fbref.com/en/players/b838552c/Samir-Memisevic,https://www.transfermarkt.com/samir-memisevic/profil/spieler/238595
Samuel,1999,https://fbref.com/en/players/2a295d33/Samuel,https://www.transfermarkt.com/samuel-lino/profil/spieler/694928
Samuel Barnes,2001,https://fbref.com/en/players/2d3cdd17/Samuel-Barnes,https://www.transfermarkt.com/sam-barnes/profil/spieler/503786
Samuel Portugal,1994,https://fbref.com/en/players/554067e3/Samuel-Portugal,https://www.transfermarkt.com/samuel/profil/spieler/284701
Santiago Muñóz,2002,https://fbref.com/en/players/dd986929/Santiago-Munoz,https://www.transfermarkt.com/santiago-munoz/profil/spieler/704554
Savio,1996,https://fbref.com/en/players/57ff3df8/Savio,https://www.transfermarkt.com/savio-roberto/profil/spieler/596308
Sean Raggett,1993,https://fbref.com/en/players/5dd438af/Sean-Raggett,https://www.transfermarkt.com/sean-raggett/profil/spieler/226219
Sebastián Pérez Cardona,1993,https://fbref.com/en/players/42a833ab/Sebastian-Perez-Cardona,https://www.transfermarkt.com/seba-perez/profil/spieler/182108
Sebastián Sosa,1994,https://fbref.com/en/players/082d1db5/Sebastian-Sosa,https://www.transfermarkt.com/sebastian-sosa-sanchez/profil/spieler/198851
Sebastian Szymański,1999,https://fbref.com/en/players/bb718263/Sebastian-Szymanski,https://www.transfermarkt.com/sebastian-szymanski/profil/spieler/320748
Sebastián Yanez,2003,https://fbref.com/en/players/9494822b/Sebastian-Yanez,https://www.transfermarkt.com/sebastian-yanez/profil/spieler/694155
Serginho,2001,https://fbref.com/en/players/7602eb0d/Serginho,https://www.transfermarkt.com/serginho/profil/spieler/697716
Sergio De los Ríos,2003,https://fbref.com/en/players/f1550173/Sergio-De-los-Rios,https://www.transfermarkt.com/sergio-de-los-rios/profil/spieler/668497
Shaqai Forde,2004,https://fbref.com/en/players/ebeac9e5/Shaqai-Forde,https://www.transfermarkt.com/shaqai-forde/profil/spieler/852517
Sinan Bakış,1994,https://fbref.com/en/players/5d613204/Sinan-Bakis,https://www.transfermarkt.com/sinan-bakis/profil/spieler/134631
Slobodan Tedić,2000,https://fbref.com/en/players/477ac4d2/Slobodan-Tedic,https://www.transfermarkt.com/slobodan-tedic/profil/spieler/505652
Srđan Babić,1996,https://fbref.com/en/players/075fe5a3/Srdjan-Babic,https://www.transfermarkt.com/srdjan-babic/profil/spieler/222805
Stephen Eustáquio,1996,https://fbref.com/en/players/577efaec/Stephen-Eustaquio,https://www.transfermarkt.com/stephen-eustaquio/profil/spieler/512913
Takahiro Kunimoto,1997,https://fbref.com/en/players/a02b468b/Takahiro-Kunimoto,https://www.transfermarkt.com/kuni/profil/spieler/296782
Taylon Carvalho,2000,https://fbref.com/en/players/396f8bfc/Taylon-Carvalho,https://www.transfermarkt.com/taylon/profil/spieler/838717
Thiago,1999,https://fbref.com/en/players/602d20ae/Thiago,https://www.transfermarkt.com/thiago-couto/profil/spieler/546217
Thiago,2000,https://fbref.com/en/players/6adb0b79/Thiago,https://www.transfermarkt.com/thiago-andrade/profil/spieler/694606
Thimothee Lo Tutala,2003,https://fbref.com/en/players/28efa226/Thimothee-Lo-Tutala,https://www.transfermarkt.com/thimothee-lo-tutala/profil/spieler/655877
Tiago santos,2002,https://fbref.com/en/players/3eeebc87/Tiago-santos,https://www.transfermarkt.com/tiago-santos/profil/spieler/816580
Tibor Halilović,1995,https://fbref.com/en/players/e8acf576/Tibor-Halilovic,https://www.transfermarkt.com/tibor-halilovic/profil/spieler/324957
Tim Matavž,1989,https://fbref.com/en/players/ebc29a56/Tim-Matavz,https://www.transfermarkt.com/tim-matavz/profil/spieler/50303
Tim Wellington,2001,https://fbref.com/en/players/056dec8c/Tim-Wellington,https://www.transfermarkt.com/wellington-tim/profil/spieler/725053
Titouan Thomas,2002,https://fbref.com/en/players/93c456ba/Titouan-Thomas,https://www.transfermarkt.com/titouan-thomas/profil/spieler/546884
Tom Rogić,1992,https://fbref.com/en/players/27ff9bdb/Tom-Rogic,https://www.transfermarkt.com/tom-rogic/profil/spieler/213672
Tomáš Hájek,1991,https://fbref.com/en/players/29102874/Tomas-Hajek,https://www.transfermarkt.com/tomas-hajek/profil/spieler/181469
Tomás Mejías,1989,https://fbref.com/en/players/dc0c0fd9/Tomas-Mejias,https://www.transfermarkt.com/tomas-mejias/profil/spieler/62947
Tomislav Štrkalj,1996,https://fbref.com/en/players/2e0b5346/Tomislav-Strkalj,https://www.transfermarkt.com/tomislav-strkalj/profil/spieler/240262
Tommy Conway,,https://fbref.com/en/players/746a92c5/Tommy-Conway,https://www.transfermarkt.com/tommy-conway/profil/spieler/801426
Tony Springett,2002,https://fbref.com/en/players/35be8087/Tony-Springett,https://www.transfermarkt.com/tony-springett/profil/spieler/570864
Toyosi Olusanya,1998,https://fbref.com/en/players/b1aea125/Toyosi-Olusanya,https://www.transfermarkt.com/toyosi-olusanya/profil/spieler/434981
Tyrell Ashcroft,2002,https://fbref.com/en/players/c7675488/Tyrell-Ashcroft,https://www.transfermarkt.com/tyrell-ashcroft/profil/spieler/751673
Uroš Spajić,1993,https://fbref.com/en/players/02ce2030/Uros-Spajic,https://www.transfermarkt.com/uros-spajic/profil/spieler/160222
Václav Černý,1997,https://fbref.com/en/players/bb1cf301/Vaclav-Cerny,https://www.transfermarkt.com/vaclav-cerny/profil/spieler/242063
Valdemir,1997,https://fbref.com/en/players/82cca681/Valdemir,https://www.transfermarkt.com/valtm/profil/spieler/520665
Valdu Té,1997,https://fbref.com/en/players/bc5940b5/Valdu-Te,https://www.transfermarkt.com/valdumar/profil/spieler/306143
Vaná,1991,https://fbref.com/en/players/fd7383b8/Vana,https://www.transfermarkt.com/vana-alves/profil/spieler/212198
Vanja Drkušič,1999,https://fbref.com/en/players/e2e816b9/Vanja-Drkusic,https://www.transfermarkt.com/vanja-drkusic/profil/spieler/371856
Victor Leandro Bagy,1983,https://fbref.com/en/players/cfc1d935/Victor-Leandro-Bagy,https://www.transfermarkt.com/victor/profil/spieler/67867
Vinícius,1991,https://fbref.com/en/players/ee01c84d/Vinicius,https://www.transfermarkt.com/vina/profil/spieler/106281
Vinicius José Ignácio,1991,https://fbref.com/en/players/cd8d07d9/Vinicius-Jose-Ignacio,https://www.transfermarkt.com/didi/profil/spieler/379687
Vinicius Melo,1999,https://fbref.com/en/players/22d45f72/Vinicius-Melo,https://www.transfermarkt.com/vinicius-barreta/profil/spieler/530392
Vito van Crooy,1996,https://fbref.com/en/players/4b8b9e6c/Vito-van-Crooy,https://www.transfermarkt.com/vito-van-crooij/profil/spieler/312493
Vladan Danilović,1999,https://fbref.com/en/players/972c9765/Vladan-Danilovic,https://www.transfermarkt.com/vladan-danilovic/profil/spieler/456898
Volnei Feltes,2000,https://fbref.com/en/players/b48349d9/Volnei-Feltes,https://www.transfermarkt.com/volnei/profil/spieler/813229
Vyacheslav Karavayev,1995,https://fbref.com/en/players/b0b902c8/Vyacheslav-Karavayev,https://www.transfermarkt.com/vyacheslav-karavaev/profil/spieler/170620
Wagner,1999,https://fbref.com/en/players/25b28b59/Wagner,https://www.transfermarkt.com/wagner-leonardo/profil/spieler/671572
Wágner,1985,https://fbref.com/en/players/a6f05fa0/Wagner,https://www.transfermarkt.com/wagner/profil/spieler/45720
Waldo Madrid,2003,https://fbref.com/en/players/5bde59f8/Waldo-Madrid,https://www.transfermarkt.com/waldo-madrid/profil/spieler/1055320
Walterson,1994,https://fbref.com/en/players/8eebb330/Walterson,https://www.transfermarkt.com/walterson-silva/profil/spieler/516127
Welinton,1999,https://fbref.com/en/players/3674f5b8/Welinton,https://www.transfermarkt.com/welinton-torrao/profil/spieler/687361
Wellington,1992,https://fbref.com/en/players/b8b26f74/Wellington,https://www.transfermarkt.com/wellington-carvalho/profil/spieler/376306
Wellington,1995,https://fbref.com/en/players/ed36f825/Wellington,https://www.transfermarkt.com/wellington-nascimento/profil/spieler/353807
Wellington Martins,1991,https://fbref.com/en/players/0430d656/Wellington-Martins,https://www.transfermarkt.com/wellington/profil/spieler/74789
Werik,2001,https://fbref.com/en/players/8b20ba5f/Werik,https://www.transfermarkt.com/werik-popo/profil/spieler/902507
Wesley Pibinha,1996,https://fbref.com/en/players/82670179/Wesley-Pibinha,https://www.transfermarkt.com/wesley/profil/spieler/592338
Wéverton,1987,https://fbref.com/en/players/81be82e9/Weverton,https://www.transfermarkt.com/weverton/profil/spieler/69400
Will Blackmore,2003,https://fbref.com/en/players/bc964086/Will-Blackmore,https://www.transfermarkt.com/will-blackmore/profil/spieler/677849
Willian,1993,https://fbref.com/en/players/96f82d0a/Willian,https://www.transfermarkt.com/willian-oliveira/profil/spieler/252900
Willyan,1995,https://fbref.com/en/players/577d7bf9/Willyan,https://www.transfermarkt.com/willyan-rocha/profil/spieler/518472
Yago Andrade,2003,https://fbref.com/en/players/13b58052/Yago-Andrade,https://www.transfermarkt.com/yago-santos/profil/spieler/900203
Yakou Méïte,1996,https://fbref.com/en/players/c55e8ab0/Yakou-Meite,https://www.transfermarkt.com/yakou-meite/profil/spieler/289433
Yuri,2000,https://fbref.com/en/players/496591bb/Yuri,https://www.transfermarkt.com/yuri-cesar/profil/spieler/663585
Yuri Oliveira Lima,1994,https://fbref.com/en/players/bcf3d64e/Yuri-Oliveira-Lima,https://www.transfermarkt.com/yuri/profil/spieler/446408
Yusupha Njie,1994,https://fbref.com/en/players/51f22984/Yusupha-Njie,https://www.transfermarkt.com/yusupha/profil/spieler/177964
Zac Johnson,,https://fbref.com/en/players/67cd6d8d/Zac-Johnson,https://www.transfermarkt.com/zak-johnson/profil/spieler/827440
Zaidu Sanusi,1997,https://fbref.com/en/players/24051310/Zaidu-Sanusi,https://www.transfermarkt.com/zaidu/profil/spieler/544784
Zainadine Júnior,1988,https://fbref.com/en/players/edd65ae0/Zainadine-Junior,https://www.transfermarkt.com/zainadine/profil/spieler/137192
Bergson da Silva,1991,https://fbref.com/en/players/056bea46/Bergson-da-Silva,https://www.transfermarkt.com/bergson/profil/spieler/135061
Bernardo Sousa,2000,https://fbref.com/en/players/6cb8db0f/Bernardo-Sousa,https://www.transfermarkt.com/benny/profil/spieler/375380
Bruno Silva,2000,https://fbref.com/en/players/e74901c0/Bruno-Silva,https://www.transfermarkt.com/bruno-costa/profil/spieler/564684
Caio Lucas Fernandes,1994,https://fbref.com/en/players/ca5828af/Caio-Lucas-Fernandes,https://www.transfermarkt.com/caio-lucas/profil/spieler/308441
Carlos,1995,https://fbref.com/en/players/901e930c/Carlos,https://www.transfermarkt.com/carlos-junior/profil/spieler/284000
Carlos Villanueva López,1994,https://fbref.com/en/players/115a67c4/Carlos-Villanueva-Lopez,https://www.transfermarkt.com/carlos-villanueva/profil/spieler/234242
Chayene Santos,1990,https://fbref.com/en/players/64a427b4/Chayene-Santos,https://www.transfermarkt.com/chay/profil/spieler/766381
Cleylton Santos,1993,https://fbref.com/en/players/89e1ca56/Cleylton-Santos,https://www.transfermarkt.com/cleylton/profil/spieler/523606
Cristian González,1996,https://fbref.com/en/players/dba66719/Cristian-Gonzalez,https://www.transfermarkt.com/cristian-tassano/profil/spieler/358738
Cristiano da Silva Leite,1993,https://fbref.com/en/players/2567b7b6/Cristiano-da-Silva-Leite,https://www.transfermarkt.com/cris-silva/profil/spieler/375813
Daniel Álvarez López,1994,https://fbref.com/en/players/649f8ee1/Daniel-Alvarez-Lopez,https://www.transfermarkt.com/daniel-alvarez/profil/spieler/347575
Daniel Henrique,2004,https://fbref.com/en/players/1ef923db/Daniel-Henrique,https://www.transfermarkt.com/daniel-mazerochi/profil/spieler/1079283
Darlan Mendes,1998,https://fbref.com/en/players/a86f0d7b/Darlan-Mendes,https://www.transfermarkt.com/darlan/profil/spieler/570582
Davidson da Luz Pereira,1991,https://fbref.com/en/players/b0c12a65/Davidson-da-Luz-Pereira,https://www.transfermarkt.com/davidson/profil/spieler/397090
Francisco García,2003,https://fbref.com/en/players/1543b95a/Francisco-Garcia,https://www.transfermarkt.com/francisco-garcia-flores/profil/spieler/1033061
Gabriel,1999,https://fbref.com/en/players/135d500d/Gabriel,https://www.transfermarkt.com/gabriel-sara/profil/spieler/553469
García,2002,https://fbref.com/en/players/45d071f4/Garcia,https://www.transfermarkt.com/gustavo-garcia/profil/spieler/574758
Gilson Tavares,2001,https://fbref.com/en/players/eae26fce/Gilson-Tavares,https://www.transfermarkt.com/benchimol/profil/spieler/820252
Gonçalo Rodrigues,1997,https://fbref.com/en/players/071b6ba9/Goncalo-Rodrigues,https://www.transfermarkt.com/guga/profil/spieler/258034
Gustavo,1999,https://fbref.com/en/players/a9320929/Gustavo,https://www.transfermarkt.com/gustavo-apis/profil/spieler/901014
Henrique,1995,https://fbref.com/en/players/031a71b4/Henrique,https://www.transfermarkt.com/henrique-gelain/profil/spieler/375820
Ícaro do Carmo Silva,1989,https://fbref.com/en/players/eacba164/Icaro-do-Carmo-Silva,https://www.transfermarkt.com/icaro/profil/spieler/292733
Jeferson Santos,1992,https://fbref.com/en/players/1adb7d23/Jeferson-Santos,https://www.transfermarkt.com/jeferson-bahia/profil/spieler/443124
Jefferson de Jesus Santos,1993,https://fbref.com/en/players/5439ae4d/Jefferson-de-Jesus-Santos,https://www.transfermarkt.com/jefferson/profil/spieler/311867
Jesús Ramírez,1998,https://fbref.com/en/players/89d1f3ba/Jesus-Ramirez,https://www.transfermarkt.com/chuchu/profil/spieler/419936
João Mário Lopes,2000,https://fbref.com/en/players/82a39b66/Joao-Mario-Lopes,https://www.transfermarkt.com/joao-mario/profil/spieler/537602
Jonathan Rubio,1996,https://fbref.com/en/players/049a4f44/Jonathan-Rubio,https://www.transfermarkt.com/jonathan-toro/profil/spieler/382773
Jorge Roberto Díaz,1998,https://fbref.com/en/players/a08316ae/Jorge-Roberto-Diaz,https://www.transfermarkt.com/jorge-diaz-price/profil/spieler/560312
José García,1998,https://fbref.com/en/players/116a2429/Jose-Garcia,https://www.transfermarkt.com/jose-garcia-montes/profil/spieler/668983
Joshua Williams,1999,https://fbref.com/en/players/a3295d90/Joshua-Williams,https://www.transfermarkt.com/josh-williams/profil/spieler/481438
Juan José Sánchez,1998,https://fbref.com/en/players/1835f053/Juan-Jose-Sanchez,https://www.transfermarkt.com/juan-jose-purata/profil/spieler/553816
Juan Santos,2002,https://fbref.com/en/players/ad89aa96/Juan-Santos,https://www.transfermarkt.com/juan/profil/spieler/662332
Léo Silva,2003,https://fbref.com/en/players/0405f7a6/Leo-Silva,https://www.transfermarkt.com/leotm/profil/spieler/980815
Lucas Pereira,1998,https://fbref.com/en/players/9edeb121/Lucas-Pereira,https://www.transfermarkt.com/lucas/profil/spieler/537866
Luis Eduardo Marques dos Santos,1997,https://fbref.com/en/players/5c5a0d4d/Luis-Eduardo-Marques-dos-Santos,https://www.transfermarkt.com/dudu/profil/spieler/476362
Luiz Gabriel,2002,https://fbref.com/en/players/f9c619e0/Luiz-Gabriel,https://www.transfermarkt.com/biel/profil/spieler/867139
Mailton dos Santos,1998,https://fbref.com/en/players/d147e379/Mailton-dos-Santos,https://www.transfermarkt.com/mailton/profil/spieler/607210
Matheus Dias,1997,https://fbref.com/en/players/ddfa9005/Matheus-Dias,https://www.transfermarkt.com/matheus-dias/profil/spieler/815384
Matheus Oliveira Santos,1997,https://fbref.com/en/players/df0d179d/Matheus-Oliveira-Santos,https://www.transfermarkt.com/matheus-oliveira/profil/spieler/484874
Mattheus Oliveira,1994,https://fbref.com/en/players/d18f2675/Mattheus-Oliveira,https://www.transfermarkt.com/mattheus/profil/spieler/226138
Moises Castillo,2001,https://fbref.com/en/players/0057a058/Moises-Castillo,https://www.transfermarkt.com/moises-mosquera/profil/spieler/817133
Murilo Costa,1994,https://fbref.com/en/players/85733f33/Murilo-Costa,https://www.transfermarkt.com/murilo-de-souza/profil/spieler/345061
Pedro,1996,https://fbref.com/en/players/17758df6/Pedro,https://www.transfermarkt.com/pedro-henrique/profil/spieler/531916
Raúl Torres Rodríguez,1996,https://fbref.com/en/players/7903a84a/Raul-Torres-Rodriguez,https://www.transfermarkt.com/raul-torres/profil/spieler/523223
Renan dos Santos,1989,https://fbref.com/en/players/6bfaecc4/Renan-dos-Santos,https://www.transfermarkt.com/renan/profil/spieler/68102
Ronaldo Henrique,1994,https://fbref.com/en/players/cb877cb3/Ronaldo-Henrique,https://www.transfermarkt.com/ronaldo/profil/spieler/328758
Saulo da Silva,1997,https://fbref.com/en/players/eaaf86af/Saulo-da-Silva,https://www.transfermarkt.com/saulo-mineiro/profil/spieler/553727
Vitó Ferreira,1997,https://fbref.com/en/players/74e6abb9/Vito-Ferreira,https://www.transfermarkt.com/vito/profil/spieler/350310
Wesley da Silva,2000,https://fbref.com/en/players/3fc34322/Wesley-da-Silva,https://www.transfermarkt.com/wesley/profil/spieler/837530
William da Silva,1986,https://fbref.com/en/players/c02b862e/William-da-Silva,https://www.transfermarkt.com/william/profil/spieler/53365
Yan Santos,1998,https://fbref.com/en/players/d44efa12/Yan-Santos,https://www.transfermarkt.com/yantm/profil/spieler/323945
Zé Ferreira,2001,https://fbref.com/en/players/8bc1f137/Ze-Ferreira,https://www.transfermarkt.com/ze-carlos/profil/spieler/908936