Player,Born,Url,player_dob,player_url
Abdallah N'dour,1993,https://fbref.com/en/players/4749367a/Abdallah-Ndour,NA,https://www.transfermarkt.com/abdallah-ndour/profil/spieler/232854
Adam Marušić,1992,https://fbref.com/en/players/d4535821/Adam-Marusic,NA,https://www.transfermarkt.com/adam-marusic/profil/spieler/239802
Adam Zreľák,1994,https://fbref.com/en/players/8c8b4a01/Adam-Zrelak,NA,https://www.transfermarkt.com/adam-zrelak/profil/spieler/261155
Aday,1987,https://fbref.com/en/players/5890cef1/Aday,NA,https://www.transfermarkt.com/aday-benitez/profil/spieler/132921
Adem Ljajić,1991,https://fbref.com/en/players/2648e18f/Adem-Ljajic,NA,https://www.transfermarkt.com/adem-ljajic/profil/spieler/69374
Adrian Bernabe,2001,https://fbref.com/en/players/548672b4/Adrian-Bernabe,NA,https://www.transfermarkt.com/adrian-bernabe/profil/spieler/466802
Adrian Grbić,1996,https://fbref.com/en/players/4a987ffa/Adrian-Grbic,NA,https://www.transfermarkt.com/adrian-grbic/profil/spieler/167342
Adrian Šemper,1998,https://fbref.com/en/players/f02dde20/Adrian-Semper,NA,https://www.transfermarkt.com/adrian-semper/profil/spieler/317057
Adrien Tameze,1994,https://fbref.com/en/players/8da74c05/Adrien-Tameze,NA,https://www.transfermarkt.com/adrien-tameze/profil/spieler/157507
Ahmed Hegazi,1991,https://fbref.com/en/players/5540c9dc/Ahmed-Hegazi,NA,https://www.transfermarkt.com/ahmed-hegazy/profil/spieler/111524
Ailton,1995,https://fbref.com/en/players/74ced675/Ailton,NA,https://www.transfermarkt.com/ailton/profil/spieler/283863
Alassane Pléa,1993,https://fbref.com/en/players/bc6bd723/Alassane-Plea,NA,https://www.transfermarkt.com/alassane-plea/profil/spieler/167329
Alejandro Balde,2003,https://fbref.com/en/players/5ccc9672/Alejandro-Balde,NA,https://www.transfermarkt.com/alex-balde/profil/spieler/636688
Aleksa Terzić,1999,https://fbref.com/en/players/3ef0a2d7/Aleksa-Terzic,NA,https://www.transfermarkt.com/aleksa-terzic/profil/spieler/404260
Aleksandar Dragović,1991,https://fbref.com/en/players/6fd8a334/Aleksandar-Dragovic,NA,https://www.transfermarkt.com/aleksandar-dragovic/profil/spieler/59032
Aleksandar Jovanović,1992,https://fbref.com/en/players/129dd8e7/Aleksandar-Jovanovic,NA,https://www.transfermarkt.com/aleksandar-jovanovic/profil/spieler/256567
Aleksandar Mitrović,1994,https://fbref.com/en/players/3925dbd6/Aleksandar-Mitrovic,NA,https://www.transfermarkt.com/aleksandar-mitrovic/profil/spieler/51152
Aleksandar Radovanović,1993,https://fbref.com/en/players/09507ffa/Aleksandar-Radovanovic,NA,https://www.transfermarkt.com/aleksandar-radovanovic/profil/spieler/339501
Alen Halilović,1996,https://fbref.com/en/players/a6b9bd00/Alen-Halilovic,NA,https://www.transfermarkt.com/alen-halilovic/profil/spieler/226074
Aleš Matějů,1996,https://fbref.com/en/players/deb748c9/Ales-Mateju,NA,https://www.transfermarkt.com/ales-mateju/profil/spieler/242078
Alessandro Burlamaqui,2002,https://fbref.com/en/players/2ae026d4/Alessandro-Burlamaqui,NA,https://www.transfermarkt.com/alessandro-burlamaqui/profil/spieler/657479
Alex,1999,https://fbref.com/en/players/8c9e7571/Alex,NA,https://www.transfermarkt.com/alex-dos-santos/profil/spieler/396341
Álex Centelles,1997,https://fbref.com/en/players/ae852b7d/Alex-Centelles,NA,https://www.transfermarkt.com/alex-centelles/profil/spieler/423443
Alexander,1988,https://fbref.com/en/players/3e1858af/Alexander,NA,https://www.transfermarkt.com/alexander-szymanowski/profil/spieler/217728
Alexander Kačaniklić,1991,https://fbref.com/en/players/8ba3a754/Alexander-Kacaniklic,NA,https://www.transfermarkt.com/alexander-kacaniklic/profil/spieler/51040
Alexander Søderlund,1987,https://fbref.com/en/players/e61d33f1/Alexander-Soderlund,NA,https://www.transfermarkt.com/alexander-soderlund/profil/spieler/87479
Alexander Sørloth,1995,https://fbref.com/en/players/e92cd3f7/Alexander-Sorloth,NA,https://www.transfermarkt.com/alexander-sorloth/profil/spieler/238407
Alexandre Conceicao,1999,https://fbref.com/en/players/eeeca247/Alexandre-Conceicao,NA,https://www.transfermarkt.com/alexandre-gameiro/profil/spieler/696597
Alexandre Tegar,2000,https://fbref.com/en/players/b832756a/Alexandre-Tegar,NA,https://www.transfermarkt.com/alexandre-tegar/profil/spieler/661257
Alexis,1985,https://fbref.com/en/players/db0cd1ae/Alexis,NA,https://www.transfermarkt.com/alexis-ruano/profil/spieler/7781
Alexis Alegue,1996,https://fbref.com/en/players/0f4c0bad/Alexis-Alegue,NA,https://www.transfermarkt.com/alexis-alegue/profil/spieler/228999
Alfon,1999,https://fbref.com/en/players/1c772b46/Alfon,NA,https://www.transfermarkt.com/alfon-gonzalez/profil/spieler/357628
Ali Adnan Kadhim,1993,https://fbref.com/en/players/06050480/Ali-Adnan-Kadhim,NA,https://www.transfermarkt.com/ali-adnan/profil/spieler/261611
Ali Koiki,2000,https://fbref.com/en/players/82726be5/Ali-Koiki,NA,https://www.transfermarkt.com/ali-koiki/profil/spieler/641441
Alin Toșca,1992,https://fbref.com/en/players/322ba2df/Alin-Tosca,NA,https://www.transfermarkt.com/alin-tosca/profil/spieler/148004
Aly Mallé,1998,https://fbref.com/en/players/c50db9b5/Aly-Malle,NA,https://www.transfermarkt.com/aly-malle/profil/spieler/398809
Amadou Traore,2002,https://fbref.com/en/players/4eb0686f/Amadou-Traore,NA,https://www.transfermarkt.com/amadou-traore/profil/spieler/540665
Amath,1996,https://fbref.com/en/players/f3b1d9a2/Amath,NA,https://www.transfermarkt.com/amath-ndiaye/profil/spieler/339820
Amir Adouyev,1999,https://fbref.com/en/players/e621fe01/Amir-Adouyev,NA,https://www.transfermarkt.com/amir-aduev/profil/spieler/485961
Amir Feratovič,2002,https://fbref.com/en/players/652c00db/Amir-Feratovic,NA,https://www.transfermarkt.com/amir-feratovic/profil/spieler/627439
Anderson Lima,1999,https://fbref.com/en/players/59be3a74/Anderson-Lima,NA,https://www.transfermarkt.com/andre-anderson/profil/spieler/601577
Andreas Søndergaard,2001,https://fbref.com/en/players/43f9b4ba/Andreas-Sondergaard,NA,https://www.transfermarkt.com/andreas-sondergaard/profil/spieler/462820
Andrei Lupu,1998,https://fbref.com/en/players/60035815/Andrei-Lupu,NA,https://www.transfermarkt.com/andrei-lupu/profil/spieler/510972
Andrej Kramarić,1991,https://fbref.com/en/players/603cb947/Andrej-Kramaric,NA,https://www.transfermarkt.com/andrej-kramaric/profil/spieler/46580
Andrey Lunyov,1991,https://fbref.com/en/players/8a6ab963/Andrey-Lunyov,NA,https://www.transfermarkt.com/andrey-lunev/profil/spieler/112541
Andrija Balić,1997,https://fbref.com/en/players/9be4ee80/Andrija-Balic,NA,https://www.transfermarkt.com/andrija-balic/profil/spieler/316111
Andy Diouf,2002,https://fbref.com/en/players/9b5237b1/Andy-Diouf,NA,https://www.transfermarkt.com/andy-diouf/profil/spieler/711976
Ángel,2002,https://fbref.com/en/players/b1e5bbec/Angel,NA,https://www.transfermarkt.com/angel-jimenez/profil/spieler/713632
Angelo da Costa Júnior,1983,https://fbref.com/en/players/18736214/Angelo-da-Costa-Junior,NA,https://www.transfermarkt.com/angelo-da-costa/profil/spieler/82693
Ante Ćorić,1997,https://fbref.com/en/players/2d3f7367/Ante-Coric,NA,https://www.transfermarkt.com/ante-coric/profil/spieler/96630
Ante Rebić,1993,https://fbref.com/en/players/536cebe5/Ante-Rebic,NA,https://www.transfermarkt.com/ante-rebic/profil/spieler/187587
Anthony Briançon,1994,https://fbref.com/en/players/16324e1d/Anthony-Briancon,NA,https://www.transfermarkt.com/anthony-briancon/profil/spieler/190338
Anthony Mandrea,1996,https://fbref.com/en/players/f7d3a773/Anthony-Mandrea,NA,https://www.transfermarkt.com/anthony-mandrea/profil/spieler/290559
Anto Grgić,1996,https://fbref.com/en/players/126cf855/Anto-Grgic,NA,https://www.transfermarkt.com/anto-grgic/profil/spieler/192637
Antonín Barák,1994,https://fbref.com/en/players/01efac19/Antonin-Barak,NA,https://www.transfermarkt.com/antonin-barak/profil/spieler/272261
Antonio Cortés,2000,https://fbref.com/en/players/31a1288d/Antonio-Cortes,NA,https://www.transfermarkt.com/antonin/profil/spieler/610336
Antonio Mionić,2001,https://fbref.com/en/players/0511d050/Antonio-Mionic,NA,https://www.transfermarkt.com/antonio-mionic/profil/spieler/562259
Antonio Pacheco,2002,https://fbref.com/en/players/fdbe95bc/Antonio-Pacheco,NA,https://www.transfermarkt.com/antonio-pacheco/profil/spieler/568156
Antonio Raillo,1991,https://fbref.com/en/players/b857bd29/Antonio-Raillo,NA,https://www.transfermarkt.com/antonio-raillo/profil/spieler/278296
Antonios Papadopoulos,1999,https://fbref.com/en/players/13d23b29/Antonios-Papadopoulos,NA,https://www.transfermarkt.com/antonios-papadopoulos/profil/spieler/482573
Armand Lauriente,1998,https://fbref.com/en/players/2d22cea7/Armand-Lauriente,NA,https://www.transfermarkt.com/armand-lauriente/profil/spieler/579930
Arnau Comas,2000,https://fbref.com/en/players/01d45441/Arnau-Comas,NA,https://www.transfermarkt.com/arnau-comas/profil/spieler/388542
Arnaut Groeneveld,1997,https://fbref.com/en/players/f08490a6/Arnaut-Groeneveld,NA,https://www.transfermarkt.com/arnaut-danjuma/profil/spieler/355861
Arnel Jakupović,1998,https://fbref.com/en/players/61ecee0e/Arnel-Jakupovic,NA,https://www.transfermarkt.com/arnel-jakupovic/profil/spieler/268426
Arnór Sigurðsson,1999,https://fbref.com/en/players/f209b81e/Arnor-Sigurdsson,NA,https://www.transfermarkt.com/arnor-sigurdsson/profil/spieler/377665
Arthur Melo,1996,https://fbref.com/en/players/48b3dd60/Arthur-Melo,NA,https://www.transfermarkt.com/arthur/profil/spieler/362842
Artjoms Rudņevs,1988,https://fbref.com/en/players/6398cd4e/Artjoms-Rudnevs,NA,https://www.transfermarkt.com/artjoms-rudnevs/profil/spieler/103547
Artur Ioniță,1990,https://fbref.com/en/players/cedb3e36/Artur-Ionita,NA,https://www.transfermarkt.com/artur-ionita/profil/spieler/98888
Asmir Begović,1987,https://fbref.com/en/players/7b4de647/Asmir-Begovic,NA,https://www.transfermarkt.com/asmir-begovic/profil/spieler/33873
Axel Camblan,2003,https://fbref.com/en/players/9f4a940f/Axel-Camblan,NA,https://www.transfermarkt.com/axel-camblan/profil/spieler/924800
Baba Rahman,1994,https://fbref.com/en/players/e4086af3/Baba-Rahman,NA,https://www.transfermarkt.com/abdul-rahman-baba/profil/spieler/224884
Babacar Guèye,1994,https://fbref.com/en/players/4942dad3/Babacar-Gueye,NA,https://www.transfermarkt.com/babacar-gueye/profil/spieler/342364
Bamo Meïté,2001,https://fbref.com/en/players/04ac78d2/Bamo-Meite,NA,https://www.transfermarkt.com/bamo-meite/profil/spieler/807165
Banhie Zoukrou,2003,https://fbref.com/en/players/aefa3050/Banhie-Zoukrou,NA,https://www.transfermarkt.com/tanguy-zoukrou/profil/spieler/917120
Bartłomiej Drągowski,1997,https://fbref.com/en/players/085e71a7/Bartlomiej-Dragowski,NA,https://www.transfermarkt.com/bartlomiej-dragowski/profil/spieler/208166
Bartosz Bereszyński,1992,https://fbref.com/en/players/61b3978f/Bartosz-Bereszynski,NA,https://www.transfermarkt.com/bartosz-bereszynski/profil/spieler/144143
Ben Bobzien,2003,https://fbref.com/en/players/4f380a04/Ben-Bobzien,NA,https://www.transfermarkt.com/ben-bobzien/profil/spieler/658116
Benjamin Hadžić,1999,https://fbref.com/en/players/f765bb88/Benjamin-Hadzic,NA,https://www.transfermarkt.com/benjamin-hadzic/profil/spieler/349530
Blerim Džemaili,1986,https://fbref.com/en/players/756959aa/Blerim-Dzemaili,NA,https://www.transfermarkt.com/blerim-dzemaili/profil/spieler/9967
Bobby Thomas,NA,https://fbref.com/en/players/6a471ee8/Bobby-Thomas,NA,https://www.transfermarkt.com/bobby-thomas/profil/spieler/788283
Bogdan Lobonț,1978,https://fbref.com/en/players/ee5fc087/Bogdan-Lobont,NA,https://www.transfermarkt.com/bogdan-lobont/profil/spieler/4310
Bojan Krkić,1990,https://fbref.com/en/players/9fa0a0b8/Bojan-Krkic,NA,https://www.transfermarkt.com/bojan-krkic/profil/spieler/44675
Bradley Locko,2002,https://fbref.com/en/players/6bf7cabe/Bradley-Locko,NA,https://www.transfermarkt.com/bradley-locko/profil/spieler/805908
Brandon,1995,https://fbref.com/en/players/3e016e5a/Brandon,NA,https://www.transfermarkt.com/brandon-thomas/profil/spieler/251680
Brandon Domingues,2000,https://fbref.com/en/players/2a00c6c0/Brandon-Domingues,NA,https://www.transfermarkt.com/brandon-domingues/profil/spieler/804708
Branislav Ivanović,1984,https://fbref.com/en/players/85f8571a/Branislav-Ivanovic,NA,https://www.transfermarkt.com/branislav-ivanovic/profil/spieler/36827
Bruno,1998,https://fbref.com/en/players/e51336b7/Bruno,NA,https://www.transfermarkt.com/bruno-bertinato/profil/spieler/323929
Bruno Petković,1994,https://fbref.com/en/players/24228180/Bruno-Petkovic,NA,https://www.transfermarkt.com/bruno-petkovic/profil/spieler/256358
Bryan,2001,https://fbref.com/en/players/7b5ab7f2/Bryan,NA,https://www.transfermarkt.com/bryan-gil/profil/spieler/537382
Bryan Djile Nokoué,2002,https://fbref.com/en/players/75186a6a/Bryan-Djile-Nokoue,NA,https://www.transfermarkt.com/bryan-nokoue/profil/spieler/855607
Burak Yılmaz,1985,https://fbref.com/en/players/165a2e40/Burak-Yilmaz,NA,https://www.transfermarkt.com/burak-yilmaz/profil/spieler/34987
Carlo,2001,https://fbref.com/en/players/8249ff06/Carlo,NA,https://www.transfermarkt.com/carlo-garcia/profil/spieler/627287
Carmona,2002,https://fbref.com/en/players/2dce876a/Carmona,NA,https://www.transfermarkt.com/jose-angel-carmona/profil/spieler/711625
Carney Chukwuemeka,2004,https://fbref.com/en/players/b2f9c73e/Carney-Chukwuemeka,NA,https://www.transfermarkt.com/carney-chukwuemeka/profil/spieler/659459
Cauly Oliveira Souza,1995,https://fbref.com/en/players/2b53f7a5/Cauly-Oliveira-Souza,NA,https://www.transfermarkt.com/cauly/profil/spieler/162812
Ćazim Suljić,1996,https://fbref.com/en/players/b8c23930/Cazim-Suljic,NA,https://www.transfermarkt.com/cazim-suljic/profil/spieler/348431
Cédric Yamberé,1990,https://fbref.com/en/players/1c344204/Cedric-Yambere,NA,https://www.transfermarkt.com/cedric-yambere/profil/spieler/291140
César,2001,https://fbref.com/en/players/d88d2aed/Cesar,NA,https://www.transfermarkt.com/cesar-moreno/profil/spieler/672953
Chapela,1999,https://fbref.com/en/players/9ed40a69/Chapela,NA,https://www.transfermarkt.com/ivan-chapela/profil/spieler/412046
Charles Traore,1992,https://fbref.com/en/players/de488e56/Charles-Traore,NA,https://www.transfermarkt.com/charles-traore/profil/spieler/394906
Chechu,1982,https://fbref.com/en/players/e98f3a6a/Chechu,NA,https://www.transfermarkt.com/chechu-dorado/profil/spieler/70898
Cheikh Kané Sarr,2000,https://fbref.com/en/players/4dc1cd2c/Cheikh-Kane-Sarr,NA,https://www.transfermarkt.com/cheikh-kane-sarr/profil/spieler/632471
Cheon Seonghoon,2000,https://fbref.com/en/players/f1333503/Cheon-Seonghoon,NA,https://www.transfermarkt.com/seong-hoon-cheon/profil/spieler/545503
Chinchu,2002,https://fbref.com/en/players/f2ad9da9/Chinchu,NA,https://www.transfermarkt.com/chinchu/profil/spieler/857939
Christian Nørgaard,1994,https://fbref.com/en/players/df0a4c90/Christian-Norgaard,NA,https://www.transfermarkt.com/christian-norgaard/profil/spieler/148367
Christian Rutjens,NA,https://fbref.com/en/players//Christian-Rutjens,NA,https://www.transfermarkt.com/christian-rutjens/profil/spieler/462809
Christopher Martins,1997,https://fbref.com/en/players/0e96a5e1/Christopher-Martins,NA,https://www.transfermarkt.com/christopher-martins-pereira/profil/spieler/248054
Churripi,1994,https://fbref.com/en/players/81a606fc/Churripi,NA,https://www.transfermarkt.com/jose-antonio-caro/profil/spieler/268946
Cifu,1990,https://fbref.com/en/players/90f83973/Cifu,NA,https://www.transfermarkt.com/miguel-cifuentes/profil/spieler/175836
Ciprian Tătărușanu,1986,https://fbref.com/en/players/b056e3da/Ciprian-Tatarusanu,NA,https://www.transfermarkt.com/ciprian-tatarusanu/profil/spieler/55282
Cristian,1998,https://fbref.com/en/players/9ad74b4d/Cristian,NA,https://www.transfermarkt.com/cristian-rivero/profil/spieler/398131
Cucho,1999,https://fbref.com/en/players/71b47ab9/Cucho,NA,https://www.transfermarkt.com/cucho-hernandez/profil/spieler/459463
Dalbert Henrique,1993,https://fbref.com/en/players/f45f9427/Dalbert-Henrique,NA,https://www.transfermarkt.com/dalbert/profil/spieler/312862
Damian Kądzior,1992,https://fbref.com/en/players/bb6c6331/Damian-Kadzior,NA,https://www.transfermarkt.com/damian-kadzior/profil/spieler/199299
Dan Nlundulu,1999,https://fbref.com/en/players/30040f5d/Dan-Nlundulu,NA,https://www.transfermarkt.com/dan-nlundulu/profil/spieler/346482
Daniel Molina Orta,1996,https://fbref.com/en/players/102fda08/Daniel-Molina-Orta,NA,https://www.transfermarkt.com/dani-molina/profil/spieler/305957
Daniel Pavlović,1988,https://fbref.com/en/players/47146acb/Daniel-Pavlovic,NA,https://www.transfermarkt.com/daniel-pavlovic/profil/spieler/19671
Danijel Milićević,1986,https://fbref.com/en/players/1251f42e/Danijel-Milicevic,NA,https://www.transfermarkt.com/danijel-milicevic/profil/spieler/33343
Danijel Petković,1993,https://fbref.com/en/players/b98cea65/Danijel-Petkovic,NA,https://www.transfermarkt.com/danijel-petkovic/profil/spieler/188930
Danijel Subašić,1984,https://fbref.com/en/players/f6db3bd5/Danijel-Subasic,NA,https://www.transfermarkt.com/danijel-subasic/profil/spieler/27941
Danilo Larangeira,1984,https://fbref.com/en/players/fed5f993/Danilo-Larangeira,NA,https://www.transfermarkt.com/danilo/profil/spieler/32816
Darko Brašanac,1992,https://fbref.com/en/players/4accb7e0/Darko-Brasanac,NA,https://www.transfermarkt.com/darko-brasanac/profil/spieler/95641
Darko Lazović,1990,https://fbref.com/en/players/5128bde4/Darko-Lazovic,NA,https://www.transfermarkt.com/darko-lazovic/profil/spieler/70411
Dejan Dražić,1995,https://fbref.com/en/players/e9457fb9/Dejan-Drazic,NA,https://www.transfermarkt.com/dejan-drazic/profil/spieler/291247
Dejan Joveljić,1999,https://fbref.com/en/players/95a24690/Dejan-Joveljic,NA,https://www.transfermarkt.com/dejan-joveljic/profil/spieler/336382
Dejan Vokič,1996,https://fbref.com/en/players/6c145d64/Dejan-Vokic,NA,https://www.transfermarkt.com/dejan-voki%C4%87/profil/spieler/290698
Denis Drăguș,1999,https://fbref.com/en/players/0e490f6e/Denis-Dragus,NA,https://www.transfermarkt.com/denis-dragus/profil/spieler/405399
Denis Petrić,1988,https://fbref.com/en/players/dab1b8dc/Denis-Petric,NA,https://www.transfermarkt.com/denis-petric/profil/spieler/28356
Dennis Cirken,2002,https://fbref.com/en/players/307ea3b6/Dennis-Cirken,NA,https://www.transfermarkt.com/dennis-cirkin/profil/spieler/568006
Dennis Eckert,1997,https://fbref.com/en/players/7f8fb807/Dennis-Eckert,NA,https://www.transfermarkt.com/dennis-eckert-ayensa/profil/spieler/249303
Derek Mazou-Sacko,2004,https://fbref.com/en/players/810edef9/Derek-Mazou-Sacko,NA,https://www.transfermarkt.com/derek-mazou-sacko/profil/spieler/917104
Diego Noguerol,2002,https://fbref.com/en/players/c487901c/Diego-Noguerol,NA,https://www.transfermarkt.com/diego-lopez/profil/spieler/617081
Dion Moise Sahi,2001,https://fbref.com/en/players/cdc4458b/Dion-Moise-Sahi,NA,https://www.transfermarkt.com/moise-sahi-dion/profil/spieler/880330
Dodi Lukebakio,1997,https://fbref.com/en/players/0c61c77c/Dodi-Lukebakio,NA,https://www.transfermarkt.com/dodi-lukebakio/profil/spieler/303259
Domagoj Bradarić,1999,https://fbref.com/en/players/8bbe2df5/Domagoj-Bradaric,NA,https://www.transfermarkt.com/domagoj-bradaric/profil/spieler/357796
Dominic Schmidt,2001,https://fbref.com/en/players/49aba599/Dominic-Schmidt,NA,https://www.transfermarkt.com/dominic-schmidt/profil/spieler/476498
Dragan Rosić,1996,https://fbref.com/en/players/b614c059/Dragan-Rosic,NA,https://www.transfermarkt.com/dragan-rosic/profil/spieler/374055
Duje Ćaleta-Car,1996,https://fbref.com/en/players/94f8d10c/Duje-Caleta-Car,NA,https://www.transfermarkt.com/duje-caleta-car/profil/spieler/238266
Duje Čop,1990,https://fbref.com/en/players/8b0b02c9/Duje-Cop,NA,https://www.transfermarkt.com/duje-cop/profil/spieler/46415
Dušan Tadić,1988,https://fbref.com/en/players/2475dcc6/Dusan-Tadic,NA,https://www.transfermarkt.com/dusan-tadic/profil/spieler/36139
Dušan Vlahović,2000,https://fbref.com/en/players/79443529/Dusan-Vlahovic,NA,https://www.transfermarkt.com/dusan-vlahovic/profil/spieler/357498
Dwight Gayle,1990,https://fbref.com/en/players/e58a03c6/Dwight-Gayle,NA,https://www.transfermarkt.com/dwight-gayle/profil/spieler/196522
Dženis Burnić,1998,https://fbref.com/en/players/0dabaf14/Dzenis-Burnic,NA,https://www.transfermarkt.com/dzenis-burnic/profil/spieler/251295
Echu,1998,https://fbref.com/en/players/ac7ff117/Echu,NA,https://www.transfermarkt.com/jesus-rodriguez/profil/spieler/462380
Edin Džeko,1986,https://fbref.com/en/players/3bb7f478/Edin-Dzeko,NA,https://www.transfermarkt.com/edin-dzeko/profil/spieler/28396
Edmilson Indjai,2000,https://fbref.com/en/players/bc50c437/Edmilson-Indjai,NA,https://www.transfermarkt.com/edmilson-correia/profil/spieler/728311
Eduardo Carvalho,1982,https://fbref.com/en/players/81b906e7/Eduardo-Carvalho,NA,https://www.transfermarkt.com/eduardo/profil/spieler/34159
Eduardo Dos Santos Haesler,1999,https://fbref.com/en/players/1b9a46d1/Eduardo-Dos-Santos-Haesler,NA,https://www.transfermarkt.com/dudu/profil/spieler/369258
Eduardo Frías Molleda,1998,https://fbref.com/en/players/0dce7191/Eduardo-Frias-Molleda,NA,https://www.transfermarkt.com/edu-frias/profil/spieler/503032
Eldin Jakupović,1984,https://fbref.com/en/players/1148323a/Eldin-Jakupovic,NA,https://www.transfermarkt.com/eldin-jakupovic/profil/spieler/2857
Eliseo Falcon,1997,https://fbref.com/en/players/904cd50d/Eliseo-Falcon,NA,https://www.transfermarkt.com/eliseo-falcon/profil/spieler/396115
Elvis Rexhbeçaj,1997,https://fbref.com/en/players/1ae836b1/Elvis-Rexhbecaj,NA,https://www.transfermarkt.com/elvis-rexhbecaj/profil/spieler/280575
Emerson,1999,https://fbref.com/en/players/df8b52a5/Emerson,NA,https://www.transfermarkt.com/emerson-royal/profil/spieler/476344
Emerson Palmieri,1994,https://fbref.com/en/players/e0bc6fdc/Emerson-Palmieri,NA,https://www.transfermarkt.com/emerson/profil/spieler/181778
Emile Smith-Rowe,2000,https://fbref.com/en/players/17695062/Emile-Smith-Rowe,NA,https://www.transfermarkt.com/emile-smith-rowe/profil/spieler/392765
Emmanuel Agyemang-Badu,1990,https://fbref.com/en/players/fe0b8f0e/Emmanuel-Agyemang-Badu,NA,https://www.transfermarkt.com/emmanuel-badu/profil/spieler/108484
Emmanuel Torres,1992,https://fbref.com/en/players/e774f02a/Emmanuel-Torres,NA,https://www.transfermarkt.com/emmanuel-torres/profil/spieler/322195
Emre Çolak,1991,https://fbref.com/en/players/643b39a6/Emre-Colak,NA,https://www.transfermarkt.com/emre-colak/profil/spieler/77707
Eñaut Mendía,1999,https://fbref.com/en/players/aa7da569/Enaut-Mendia,NA,https://www.transfermarkt.com/enaut-mendi/profil/spieler/684299
Enzo Fernández,1995,https://fbref.com/en/players/4cafb146/Enzo-Fernandez,NA,https://www.transfermarkt.com/enzo-zidane/profil/spieler/106825
Eren Dinkçi,2001,https://fbref.com/en/players/4ccd8957/Eren-Dinkci,NA,https://www.transfermarkt.com/eren-dinkci/profil/spieler/645774
Erhan Mašović,1998,https://fbref.com/en/players/a396fb61/Erhan-Masovic,NA,https://www.transfermarkt.com/erhan-masovic/profil/spieler/343959
Ermedin Demirović,1998,https://fbref.com/en/players/ed79b7d3/Ermedin-Demirovic,NA,https://www.transfermarkt.com/ermedin-demirovic/profil/spieler/335457
Ermin Bičakčić,1990,https://fbref.com/en/players/7aac47fe/Ermin-Bicakcic,NA,https://www.transfermarkt.com/ermin-bicakcic/profil/spieler/51676
Ervin Zukanović,1987,https://fbref.com/en/players/1253a12e/Ervin-Zukanovic,NA,https://www.transfermarkt.com/ervin-zukanovic/profil/spieler/44059
Espeto,1997,https://fbref.com/en/players/674cfc5a/Espeto,NA,https://www.transfermarkt.com/gabriel-strefezza/profil/spieler/457673
Etxebarría,1996,https://fbref.com/en/players/5c56ca54/Etxebarria,NA,https://www.transfermarkt.com/unai-etxebarria/profil/spieler/288376
Eugeni Valderrama,1994,https://fbref.com/en/players/a75b4071/Eugeni-Valderrama,NA,https://www.transfermarkt.com/eugeni/profil/spieler/223073
Euse,2000,https://fbref.com/en/players/4aab1808/Euse,NA,https://www.transfermarkt.com/eusebio-monzo/profil/spieler/702332
Ewandro,1996,https://fbref.com/en/players/ab11c58a/Ewandro,NA,https://www.transfermarkt.com/ewandro-costa/profil/spieler/288499
Fabián Ruiz Peña,1996,https://fbref.com/en/players/c0c7ff58/Fabian-Ruiz-Pena,NA,https://www.transfermarkt.com/fabian-ruiz/profil/spieler/350219
Fabian Rüth,2001,https://fbref.com/en/players/3f2541c0/Fabian-Ruth,NA,https://www.transfermarkt.com/fabian-ruth/profil/spieler/452065
Fabricio,1987,https://fbref.com/en/players/af245161/Fabricio,NA,https://www.transfermarkt.com/fabri/profil/spieler/45882
Fahad Al Muwallad,1994,https://fbref.com/en/players/23f32ea1/Fahad-Al-Muwallad,NA,https://www.transfermarkt.com/fahad-al-muwallad/profil/spieler/193153
Fahad Al-Muwallad,1996,https://fbref.com/en/players/81d0eeac/Fahad-Al-Muwallad,NA,https://www.transfermarkt.com/fahad-al-muwallad/profil/spieler/193153
Federico Palacios Martínez,1995,https://fbref.com/en/players/434cf5b7/Federico-Palacios-Martinez,NA,https://www.transfermarkt.com/federico-palacios/profil/spieler/146096
Felipe dal Belo,1984,https://fbref.com/en/players/8cea6319/Felipe-dal-Belo,NA,https://www.transfermarkt.com/felipe/profil/spieler/17127
Fernando,1987,https://fbref.com/en/players/41f32541/Fernando,NA,https://www.transfermarkt.com/fernando-reges/profil/spieler/51174
Filip Benković,1997,https://fbref.com/en/players/305a3820/Filip-Benkovic,NA,https://www.transfermarkt.com/filip-benkovic/profil/spieler/293168
Filip Bradarić,1992,https://fbref.com/en/players/605873e1/Filip-Bradaric,NA,https://www.transfermarkt.com/filip-bradaric/profil/spieler/238486
Filip Đorđević,1987,https://fbref.com/en/players/dfb933e0/Filip-Djordjevic,NA,https://www.transfermarkt.com/filip-djordjevic/profil/spieler/47065
Filip Đuričić,1992,https://fbref.com/en/players/eccbe56a/Filip-Djuricic,NA,https://www.transfermarkt.com/filip-djuricic/profil/spieler/94307
Filip Jagiełło,1997,https://fbref.com/en/players/4cdcbc14/Filip-Jagiello,NA,https://www.transfermarkt.com/filip-jagiello/profil/spieler/242813
Filip Kostić,1992,https://fbref.com/en/players/b1cd37e6/Filip-Kostic,NA,https://www.transfermarkt.com/filip-kostic/profil/spieler/161011
Filip Krovinović,1995,https://fbref.com/en/players/c2dfedeb/Filip-Krovinovic,NA,https://www.transfermarkt.com/filip-krovinovic/profil/spieler/261988
Filip Kusić,1996,https://fbref.com/en/players/de1a2530/Filip-Kusic,NA,https://www.transfermarkt.com/filip-kusic/profil/spieler/217285
Filip Malbašić,1992,https://fbref.com/en/players/04981123/Filip-Malbasic,NA,https://www.transfermarkt.com/filip-malbasic/profil/spieler/162652
Filip Manojlović,1996,https://fbref.com/en/players/8d2e1890/Filip-Manojlovic,NA,https://www.transfermarkt.com/filip-manojlovic/profil/spieler/333323
Filip Vaško,1999,https://fbref.com/en/players/8ffe9134/Filip-Vasko,NA,https://www.transfermarkt.com/filip-vasko/profil/spieler/412629
Florentino Luís,1999,https://fbref.com/en/players/881cd6be/Florentino-Luis,NA,https://www.transfermarkt.com/florentino/profil/spieler/357162
Fran Álvarez,1998,https://fbref.com/en/players/f0101a48/Fran-Alvarez,NA,https://www.transfermarkt.com/fran-alvarez/profil/spieler/531273
Franchu Feuillassier,1998,https://fbref.com/en/players/615667bb/Franchu-Feuillassier,NA,https://www.transfermarkt.com/franchu/profil/spieler/458466
Francisco Garcia,1999,https://fbref.com/en/players/7226539b/Francisco-Garcia,NA,https://www.transfermarkt.com/fran-garcia/profil/spieler/341264
Francisco Reis Ferreira,1997,https://fbref.com/en/players/4b3c863f/Francisco-Reis-Ferreira,NA,https://www.transfermarkt.com/ferro/profil/spieler/294321
Frederik Ibsen,1999,https://fbref.com/en/players/95827107/Frederik-Ibsen,NA,https://www.transfermarkt.com/frederik-alves/profil/spieler/542690
Frederik Rønnow,1992,https://fbref.com/en/players/a70b8345/Frederik-Ronnow,NA,https://www.transfermarkt.com/frederik-sorensen/profil/spieler/91716
Frederik Sørensen,1992,https://fbref.com/en/players/68635c10/Frederik-Sorensen,NA,https://www.transfermarkt.com/frederik-sorensen/profil/spieler/91716
Gabri,1996,https://fbref.com/en/players/ff422f76/Gabri,NA,https://www.transfermarkt.com/gabri-salazar/profil/spieler/282431
Gabriel Dos Santos,1997,https://fbref.com/en/players/67ac5bb8/Gabriel-Dos-Santos,NA,https://www.transfermarkt.com/gabriel/profil/spieler/435338
Gaizka Campos Bahillo,1997,https://fbref.com/en/players/54a9bc73/Gaizka-Campos-Bahillo,NA,https://www.transfermarkt.com/gaizka-campos/profil/spieler/448835
Gavi Paez,2004,https://fbref.com/en/players/19cae58d/Gavi-Paez,NA,https://www.transfermarkt.com/gavi/profil/spieler/646740
George Pușcaș,1996,https://fbref.com/en/players/c23c8e0d/George-Puscas,NA,https://www.transfermarkt.com/george-puscas/profil/spieler/208690
Geovanni,2001,https://fbref.com/en/players/e66e73b1/Geovanni,NA,https://www.transfermarkt.com/geovanni-barba/profil/spieler/630984
Gil-Linnart Walther,2003,https://fbref.com/en/players/9cd6a9f9/Gil-Linnart-Walther,NA,https://www.transfermarkt.com/gil-linnart-walther/profil/spieler/690222
Giorgos Kiriakopoulos,1996,https://fbref.com/en/players/0a483542/Giorgos-Kiriakopoulos,NA,https://www.transfermarkt.com/georgios-kyriakopoulos/profil/spieler/311178
Giovanni,1999,https://fbref.com/en/players/3a1703eb/Giovanni,NA,https://www.transfermarkt.com/giovanni-navarro/profil/spieler/396331
Giuliano Simeone,2002,https://fbref.com/en/players/a6536561/Giuliano-Simeone,NA,https://www.transfermarkt.com/giovanni-navarro/profil/spieler/396331
Gojko Kačar,1987,https://fbref.com/en/players/cc58c4ea/Gojko-Kacar,NA,https://www.transfermarkt.com/gojko-kacar/profil/spieler/28683
Göktan Gürpüz,2003,https://fbref.com/en/players/199f7008/Goktan-Gurpuz,NA,https://www.transfermarkt.com/goktan-gurpuz/profil/spieler/655912
Gonzalo,1997,https://fbref.com/en/players/cca05da8/Gonzalo,NA,https://www.transfermarkt.com/gonzalo-pereira/profil/spieler/536152
Gori,2002,https://fbref.com/en/players/f3451c66/Gori,NA,https://www.transfermarkt.com/gori/profil/spieler/705815
Gustavo Assuncao,2000,https://fbref.com/en/players/065c8786/Gustavo-Assuncao,NA,https://www.transfermarkt.com/gustavo-assuncao/profil/spieler/461629
Guy Ngosso,1985,https://fbref.com/en/players/34cfec6b/Guy-Ngosso,NA,https://www.transfermarkt.com/guy-ngosso/profil/spieler/126924
Gylfi Sigurðsson,1989,https://fbref.com/en/players/76dd1480/Gylfi-Sigurdsson,NA,https://www.transfermarkt.com/gylfi-sigurdsson/profil/spieler/90466
Habib Keita,2002,https://fbref.com/en/players/cc588cbe/Habib-Keita,NA,https://www.transfermarkt.com/habib-keita/profil/spieler/669000
Hakan Çalhanoğlu,1994,https://fbref.com/en/players/cd0fa27b/Hakan-Calhanoglu,NA,https://www.transfermarkt.com/hakan-calhanoglu/profil/spieler/126414
Halil Dervişoğlu,1999,https://fbref.com/en/players/9d8cf204/Halil-Dervisoglu,NA,https://www.transfermarkt.com/halil-dervisoglu/profil/spieler/465606
Han Kwang-song,1998,https://fbref.com/en/players/87243064/Han-Kwang-song,NA,https://www.transfermarkt.com/kwang-song-han/profil/spieler/402193
Haris Duljević,1993,https://fbref.com/en/players/9b6556d2/Haris-Duljevic,NA,https://www.transfermarkt.com/haris-duljevic/profil/spieler/184473
Harvey Elliot,2003,https://fbref.com/en/players/c8387671/Harvey-Elliot,NA,https://www.transfermarkt.com/harvey-elliott/profil/spieler/565822
Hernán,1990,https://fbref.com/en/players/8c83efb6/Hernan,NA,https://www.transfermarkt.com/hernan-santana/profil/spieler/176133
Hernâni Fortes,1991,https://fbref.com/en/players/2327c29e/Hernani-Fortes,NA,https://www.transfermarkt.com/hernani/profil/spieler/172142
Hrvoje Milić,1989,https://fbref.com/en/players/1b625237/Hrvoje-Milic,NA,https://www.transfermarkt.com/hrvoje-milic/profil/spieler/46423
Hugo Hagege,1999,https://fbref.com/en/players/d00fe9a3/Hugo-Hagege,NA,https://www.transfermarkt.com/hugo-hagege/profil/spieler/536501
Hugo Perez,2002,https://fbref.com/en/players/7cfbe2c9/Hugo-Perez,NA,https://www.transfermarkt.com/hugo-perez/profil/spieler/718027
Hwang Hee-chan,1996,https://fbref.com/en/players/169fd162/Hwang-Hee-chan,NA,https://www.transfermarkt.com/hee-chan-hwang/profil/spieler/292246
Hwang Ui-jo,1992,https://fbref.com/en/players/a2d873dd/Hwang-Ui-jo,NA,https://www.transfermarkt.com/ui-jo-hwang/profil/spieler/260166
Ían Pino,1996,https://fbref.com/en/players/40585058/Ian-Pino,NA,https://www.transfermarkt.com/ian-soler/profil/spieler/386196
Ignacio Pastor,2003,https://fbref.com/en/players/e8000733/Ignacio-Pastor,NA,https://www.transfermarkt.com/nacho-pastor/profil/spieler/725201
Ignasi Vilarrasa,1997,https://fbref.com/en/players/b261ed19/Ignasi-Vilarrasa,NA,https://www.transfermarkt.com/ignasi-vilarrasa/profil/spieler/581701
Igor Carioca,1996,https://fbref.com/en/players/e3e32fbb/Igor-Carioca,NA,https://www.transfermarkt.com/igor-silva/profil/spieler/391720
Iker Recio,2001,https://fbref.com/en/players/84b7090a/Iker-Recio,NA,https://www.transfermarkt.com/iker-recio/profil/spieler/628461
Ilaix,2003,https://fbref.com/en/players/f4c69aa6/Ilaix,NA,https://www.transfermarkt.com/ilaix-moriba/profil/spieler/617074
İlkay Gündoğan,1990,https://fbref.com/en/players/819b3158/Ilkay-Gundogan,NA,https://www.transfermarkt.com/ilkay-gundogan/profil/spieler/53622
Iñaki,1997,https://fbref.com/en/players/036336ce/Inaki,NA,https://www.transfermarkt.com/inaki-alvarez/profil/spieler/548635
Iron Gomis,1999,https://fbref.com/en/players/1d50130f/Iron-Gomis,NA,https://www.transfermarkt.com/iron-gomis/profil/spieler/693352
Isaac Carcelen,1993,https://fbref.com/en/players/c4b888df/Isaac-Carcelen,NA,https://www.transfermarkt.com/iza-carcelen/profil/spieler/254037
Isaac Palazón Camacho,1994,https://fbref.com/en/players/49dbab27/Isaac-Palazon-Camacho,NA,https://www.transfermarkt.com/isi-palazon/profil/spieler/362086
Isaias Del Pupo,2001,https://fbref.com/en/players/a42aebea/Isaias-Del-Pupo,NA,https://www.transfermarkt.com/isaias-delpupo/profil/spieler/736034
Ismael,2000,https://fbref.com/en/players/19cdceb0/Ismael,NA,https://www.transfermarkt.com/ismael-gutierrez/profil/spieler/630990
Ismaël Diomandé,1992,https://fbref.com/en/players/10650926/Ismael-Diomande,NA,https://www.transfermarkt.com/ismael-diomande/profil/spieler/170495
İsmail Köybaşı,1989,https://fbref.com/en/players/58640e66/Ismail-Koybasi,NA,https://www.transfermarkt.com/ismail-koybasi/profil/spieler/74641
Issah Abbas,1998,https://fbref.com/en/players/2590ddf7/Issah-Abbas,NA,https://www.transfermarkt.com/issah-abass/profil/spieler/482145
Ivan Ilić,2001,https://fbref.com/en/players/bb376bed/Ivan-Ilic,NA,https://www.transfermarkt.com/ivan-ilic/profil/spieler/470794
Ivan Lakićević,1993,https://fbref.com/en/players/47508c51/Ivan-Lakicevic,NA,https://www.transfermarkt.com/ivan-lakicevic/profil/spieler/196978
Ivan Perišić,1989,https://fbref.com/en/players/6fe90922/Ivan-Perisic,NA,https://www.transfermarkt.com/ivan-perisic/profil/spieler/42460
Ivan Radovanović,1988,https://fbref.com/en/players/023937a9/Ivan-Radovanovic,NA,https://www.transfermarkt.com/ivan-radovanovic/profil/spieler/46105
Ivan Rakitić,1988,https://fbref.com/en/players/89f951b5/Ivan-Rakitic,NA,https://www.transfermarkt.com/ivan-rakitic/profil/spieler/32467
Ivan Šaponjić,1997,https://fbref.com/en/players/d2aea9ac/Ivan-Saponjic,NA,https://www.transfermarkt.com/ivan-saponjic/profil/spieler/274347
Ivan Strinić,1987,https://fbref.com/en/players/52e2ef8f/Ivan-Strinic,NA,https://www.transfermarkt.com/ivan-strinic/profil/spieler/39799
Ivan Vargić,1987,https://fbref.com/en/players/4d64b28e/Ivan-Vargic,NA,https://www.transfermarkt.com/ivan-vargic/profil/spieler/34553
Ivi,1994,https://fbref.com/en/players/d2fa73e7/Ivi,NA,https://www.transfermarkt.com/ivi-lopez/profil/spieler/282371
Ivo Grbić,1996,https://fbref.com/en/players/3f034750/Ivo-Grbic,NA,https://www.transfermarkt.com/ivo-grbic/profil/spieler/226073
Ivo Iličević,1986,https://fbref.com/en/players/4e3e4138/Ivo-Ilicevic,NA,https://www.transfermarkt.com/ivo-ilicevic/profil/spieler/30308
Izet Hajrović,1991,https://fbref.com/en/players/55537f53/Izet-Hajrovic,NA,https://www.transfermarkt.com/izet-hajrovic/profil/spieler/74996
Jacobo,1997,https://fbref.com/en/players/09e81276/Jacobo,NA,https://www.transfermarkt.com/jacobo-gonzalez/profil/spieler/340870
Jaden Philogene Bidace,2002,https://fbref.com/en/players/19f4d211/Jaden-Philogene-Bidace,NA,https://www.transfermarkt.com/jaden-philogene-bidace/profil/spieler/665390
Jagoš Vuković,1988,https://fbref.com/en/players/ba06950a/Jagos-Vukovic,NA,https://www.transfermarkt.com/jagos-vukovic/profil/spieler/46894
Jaime Sierra Mateos,1998,https://fbref.com/en/players/aaa4239e/Jaime-Sierra-Mateos,NA,https://www.transfermarkt.com/jaime-sierra/profil/spieler/398159
Jakob Sørensen,1998,https://fbref.com/en/players/953c30b0/Jakob-Sorensen,NA,https://www.transfermarkt.com/jacob-lungi-sorensen/profil/spieler/390664
Jakub Błaszczykowski,1985,https://fbref.com/en/players/2b350e6b/Jakub-Blaszczykowski,NA,https://www.transfermarkt.com/jakub-blaszczykowski/profil/spieler/29835
Jaroslav Drobný,1979,https://fbref.com/en/players/e4a30d8c/Jaroslav-Drobny,NA,https://www.transfermarkt.com/jaroslav-drobny/profil/spieler/12864
Jaroslav Plašil,1982,https://fbref.com/en/players/516dc25b/Jaroslav-Plasil,NA,https://www.transfermarkt.com/jaroslav-plasil/profil/spieler/8885
Jasmin Kurtić,1989,https://fbref.com/en/players/144607cc/Jasmin-Kurtic,NA,https://www.transfermarkt.com/jasmin-kurtic/profil/spieler/85825
Javi,1998,https://fbref.com/en/players/9a76c2e9/Javi,NA,https://www.transfermarkt.com/javi-hernandez/profil/spieler/422466
Javier Hernández,1988,https://fbref.com/en/players/189cee7b/Javier-Hernandez,NA,https://www.transfermarkt.com/chicharito/profil/spieler/50935
Javier Serrano,2003,https://fbref.com/en/players/0a8fd9cb/Javier-Serrano,NA,https://www.transfermarkt.com/javi-serrano/profil/spieler/668177
Javito Lopez,NA,https://fbref.com/en/players/7518f912/Javito-Lopez,NA,https://www.transfermarkt.com/javito/profil/spieler/391045
Jay Rodriguez,1989,https://fbref.com/en/players/4ab53cdb/Jay-Rodriguez,NA,https://www.transfermarkt.com/jay-rodriguez/profil/spieler/53360
Jean-Daniel Akpa-Akpro,1992,https://fbref.com/en/players/fdf4b948/Jean-Daniel-Akpa-Akpro,NA,https://www.transfermarkt.com/jean-daniel-akpa-akpro/profil/spieler/170481
Jens Jønsson,1993,https://fbref.com/en/players/53520a67/Jens-Jonsson,NA,https://www.transfermarkt.com/jens-jonsson/profil/spieler/148355
Jeong Woo-yeong,1999,https://fbref.com/en/players/6190474d/Jeong-Woo-yeong,NA,https://www.transfermarkt.com/woo-yeong-jeong/profil/spieler/297583
Jérémie Porsan-Clémenté,1997,https://fbref.com/en/players/fa27b5a0/Jeremie-Porsan-Clemente,NA,https://www.transfermarkt.com/jeremie-porsan-clemente/profil/spieler/290872
Jerome Onguene,1997,https://fbref.com/en/players/e81f0356/Jerome-Onguene,NA,https://www.transfermarkt.com/jerome-onguene/profil/spieler/272638
Jesper Lindstrøm,2000,https://fbref.com/en/players/37dc1a48/Jesper-Lindstrom,NA,https://www.transfermarkt.com/jesper-lindstrom/profil/spieler/513245
Jessy Bénet,1995,https://fbref.com/en/players/6278e149/Jessy-Benet,NA,https://www.transfermarkt.com/jessy-benet/profil/spieler/332047
Jesuran Rak Sakyi,2002,https://fbref.com/en/players/45685411/Jesuran-Rak-Sakyi,NA,https://www.transfermarkt.com/jesurun-rak-sakyi/profil/spieler/586834
Jesus Vazquez,2003,https://fbref.com/en/players/106c142c/Jesus-Vazquez,NA,https://www.transfermarkt.com/jesus-vazquez/profil/spieler/623024
Ji Dong-won,1991,https://fbref.com/en/players/7d841904/Ji-Dong-won,NA,https://www.transfermarkt.com/dong-won-ji/profil/spieler/164265
Jime,1999,https://fbref.com/en/players/227c27df/Jime,NA,https://www.transfermarkt.com/jorge-jimenez/profil/spieler/784429
Jiří Skalák,1992,https://fbref.com/en/players/beaec218/Jiri-Skalak,NA,https://www.transfermarkt.com/jiri-skalak/profil/spieler/148734
Joakim Mæhle,1997,https://fbref.com/en/players/c459a650/Joakim-Maehle,NA,https://www.transfermarkt.com/joakim-maehle/profil/spieler/369674
Joan Sastre Vanrell,1997,https://fbref.com/en/players/f9acf8bf/Joan-Sastre-Vanrell,NA,https://www.transfermarkt.com/joan-sastre/profil/spieler/350364
João Victor Santos Sá,1994,https://fbref.com/en/players/1a1033a1/Joao-Victor-Santos-Sa,NA,https://www.transfermarkt.com/joao-victor/profil/spieler/381724
Jóhann Berg Guðmundsson,1990,https://fbref.com/en/players/f72293fc/Johann-Berg-Gudmundsson,NA,https://www.transfermarkt.com/johann-berg-gudmundsson/profil/spieler/89231
John Donald,2000,https://fbref.com/en/players/5e95c000/John-Donald,NA,https://www.transfermarkt.com/john-nwankwo/profil/spieler/627290
John Joe,2003,https://fbref.com/en/players/fd01216a/John-Joe,NA,https://www.transfermarkt.com/john-joe-patrick-finn/profil/spieler/841121
Jon Gorenc Stanković,1996,https://fbref.com/en/players/9c74fa25/Jon-Gorenc-Stankovic,NA,https://www.transfermarkt.com/jon-gorenc-stankovic/profil/spieler/245034
Jonathan Cafu,1991,https://fbref.com/en/players/8d043f1d/Jonathan-Cafu,NA,https://www.transfermarkt.com/jonathan-cafu/profil/spieler/347100
Jonathan Ikone,1998,https://fbref.com/en/players/42eaa028/Jonathan-Ikone,NA,https://www.transfermarkt.com/jonathan-ikone/profil/spieler/324690
Jonny Castro,1994,https://fbref.com/en/players/e28868f3/Jonny-Castro,NA,https://www.transfermarkt.com/jonny-otto/profil/spieler/175446
Jordan Nkololo,1992,https://fbref.com/en/players/bf354e77/Jordan-Nkololo,NA,https://www.transfermarkt.com/jordan-nkololo/profil/spieler/228434
Jordan Pefok,1996,https://fbref.com/en/players/b684a484/Jordan-Pefok,NA,https://www.transfermarkt.com/jordan-siebatcheu/profil/spieler/355369
Jorge Orgaz,1996,https://fbref.com/en/players/1f2231a3/Jorge-Orgaz,NA,
José Ángel,1989,https://fbref.com/en/players/3024e383/Jose-Angel,NA,https://www.transfermarkt.com/cote/profil/spieler/87469
José Antonio Martínez Gil,1993,https://fbref.com/en/players/8e049cbd/Jose-Antonio-Martinez-Gil,NA,https://www.transfermarkt.com/jose-antonio-martinez/profil/spieler/311287
José Arnaiz,1995,https://fbref.com/en/players/46e07328/Jose-Arnaiz,NA,https://www.transfermarkt.com/jose-manuel-arnaiz/profil/spieler/364603
Jose Aurelio Suarez,1995,https://fbref.com/en/players/968afa35/Jose-Aurelio-Suarez,NA,https://www.transfermarkt.com/jose-aurelio-suarez/profil/spieler/223720
José Cabrera,2001,https://fbref.com/en/players/13b618ce/Jose-Cabrera,NA,https://www.transfermarkt.com/lanchi/profil/spieler/631098
José Carlos,1998,https://fbref.com/en/players/766d9c80/Jose-Carlos,NA,https://www.transfermarkt.com/jose-carlos-sanchez/profil/spieler/464896
José Holebas,1984,https://fbref.com/en/players/12aa7661/Jose-Holebas,NA,https://www.transfermarkt.com/jose-cholevas/profil/spieler/41112
José Luis García Vayá,1998,https://fbref.com/en/players/27dc1378/Jose-Luis-Garcia-Vaya,NA,https://www.transfermarkt.com/pepelu/profil/spieler/328480
José Manuel,NA,https://fbref.com/en/players//Jose-Manuel,NA,
José Menargues,2002,https://fbref.com/en/players/f601ba27/Jose-Menargues,NA,https://www.transfermarkt.com/joseda-menargues/profil/spieler/589459
Joseba Zaldúa,1992,https://fbref.com/en/players/5ca20b7a/Joseba-Zaldua,NA,https://www.transfermarkt.com/joseba-zaldua/profil/spieler/197135
Josep Antoni Gayá,2000,https://fbref.com/en/players/4a5f2032/Josep-Antoni-Gaya,NA,https://www.transfermarkt.com/josep-gaya/profil/spieler/632495
Josep Martinez,1998,https://fbref.com/en/players/11d8aff0/Josep-Martinez,NA,https://www.transfermarkt.com/josep-martinez/profil/spieler/388516
Josip Drmić,1992,https://fbref.com/en/players/15ea94de/Josip-Drmic,NA,https://www.transfermarkt.com/josip-drmic/profil/spieler/140579
Josip Iličić,1988,https://fbref.com/en/players/68252d6d/Josip-Ilicic,NA,https://www.transfermarkt.com/josip-ilicic/profil/spieler/80351
Josip Stanišić,2000,https://fbref.com/en/players/7ed08d5c/Josip-Stanisic,NA,https://www.transfermarkt.com/josip-stanisic/profil/spieler/483046
Jota,1991,https://fbref.com/en/players/9f351459/Jota,NA,https://www.transfermarkt.com/jota-peleteiro/profil/spieler/176591
Jozabed,1991,https://fbref.com/en/players/9b337c7c/Jozabed,NA,https://www.transfermarkt.com/jozabed-sanchez/profil/spieler/207924
Jozo Stanić,1999,https://fbref.com/en/players/597ff9d3/Jozo-Stanic,NA,https://www.transfermarkt.com/jozo-stanic/profil/spieler/333450
Juan Brandáriz,1999,https://fbref.com/en/players/2475cf9b/Juan-Brandariz,NA,https://www.transfermarkt.com/chumi/profil/spieler/333361
Juan Carlos,1991,https://fbref.com/en/players/82803509/Juan-Carlos,NA,https://www.transfermarkt.com/juan-carlos-real/profil/spieler/201861
Juan Cruz Armada,1992,https://fbref.com/en/players/a56da3ba/Juan-Cruz-Armada,NA,https://www.transfermarkt.com/juan-cruz/profil/spieler/169497
Juanlu,2003,https://fbref.com/en/players/cc6de655/Juanlu,NA,https://www.transfermarkt.com/juanlu-sanchez/profil/spieler/676042
Juanpi,1994,https://fbref.com/en/players/d79afcfc/Juanpi,NA,https://www.transfermarkt.com/juanpi-anor/profil/spieler/256680
Julen Agirrezabala,2000,https://fbref.com/en/players/a2c1a8d3/Julen-Agirrezabala,NA,https://www.transfermarkt.com/julen-agirrezabala/profil/spieler/625014
Julian Schieber,1989,https://fbref.com/en/players/37c213cf/Julian-Schieber,NA,https://www.transfermarkt.com/julian-schieber/profil/spieler/58124
Júlio Tavares,1988,https://fbref.com/en/players/d520120b/Julio-Tavares,NA,https://www.transfermarkt.com/julio-tavares/profil/spieler/216426
Justin Hoffmans,1997,https://fbref.com/en/players/77e6262b/Justin-Hoffmans,NA,https://www.transfermarkt.com/justin-hoffmanns/profil/spieler/276567
Justin Smith,2003,https://fbref.com/en/players/a496d4a2/Justin-Smith,NA,https://www.transfermarkt.com/justin-smith/profil/spieler/904712
Kaine Hayden,2002,https://fbref.com/en/players/486b08b3/Kaine-Hayden,NA,https://www.transfermarkt.com/kaine-kesler/profil/spieler/626888
Kaine Kessler,2003,https://fbref.com/en/players/9b066938/Kaine-Kessler,NA,https://www.transfermarkt.com/kaine-kesler/profil/spieler/626888
Kaito Mizuta,2000,https://fbref.com/en/players/157c807c/Kaito-Mizuta,NA,https://www.transfermarkt.com/kaito-mizuta/profil/spieler/677794
Kara Mbodji,1989,https://fbref.com/en/players/8325870c/Kara-Mbodji,NA,https://www.transfermarkt.com/kara-mbodj/profil/spieler/141828
Karlo Butić,1998,https://fbref.com/en/players/165f9fbf/Karlo-Butic,NA,https://www.transfermarkt.com/karlo-butic/profil/spieler/388121
Karolis Uzėla,2000,https://fbref.com/en/players/8dffb269/Karolis-Uzela,NA,https://www.transfermarkt.com/karolis-uzela/profil/spieler/422807
Kasim Nuhu,1995,https://fbref.com/en/players/93a50d2c/Kasim-Nuhu,NA,https://www.transfermarkt.com/kasim-adams/profil/spieler/263801
Kayne Ramsey,2000,https://fbref.com/en/players/dc31b84c/Kayne-Ramsey,NA,https://www.transfermarkt.com/kayne-ramsay/profil/spieler/530879
Kays Ruiz,2002,https://fbref.com/en/players/90a9cc01/Kays-Ruiz,NA,https://www.transfermarkt.com/kays-ruiz-atil/profil/spieler/538045
Keko,1991,https://fbref.com/en/players/1512328c/Keko,NA,https://www.transfermarkt.com/keko-gontan/profil/spieler/66112
Khéphren Thuram-Ulie,2001,https://fbref.com/en/players/7d9397f8/Khephren-Thuram-Ulie,NA,https://www.transfermarkt.com/khephren-thuram/profil/spieler/463618
Ki Sung-yueng,1989,https://fbref.com/en/players/1d8c99b0/Ki-Sung-yueng,NA,https://www.transfermarkt.com/sung-yueng-ki/profil/spieler/81796
Kiernan Dewsbury Hall,1998,https://fbref.com/en/players/5c74c0f5/Kiernan-Dewsbury-Hall,NA,https://www.transfermarkt.com/kiernan-dewsbury-hall/profil/spieler/475188
Kike,1989,https://fbref.com/en/players/e897d8ba/Kike,NA,https://www.transfermarkt.com/kike-garcia/profil/spieler/93936
Kike,1998,https://fbref.com/en/players/b2aa30ce/Kike,NA,https://www.transfermarkt.com/kike-carrasco/profil/spieler/746908
Kike Hermoso,1999,https://fbref.com/en/players/dea912dc/Kike-Hermoso,NA,https://www.transfermarkt.com/kike-hermoso/profil/spieler/531824
Kolbeinn Sigþórsson,1990,https://fbref.com/en/players/adf825b9/Kolbeinn-Sigthorsson,NA,https://www.transfermarkt.com/kolbeinn-sigthorsson/profil/spieler/52246
Koo Ja-cheol,1989,https://fbref.com/en/players/3c05e082/Koo-Ja-cheol,NA,https://www.transfermarkt.com/ja-cheol-koo/profil/spieler/91841
Krzysztof Piątek,1995,https://fbref.com/en/players/17f3620a/Krzysztof-Piatek,NA,https://www.transfermarkt.com/krzysztof-piatek/profil/spieler/327757
Kuki,1998,https://fbref.com/en/players/2b6dc4d7/Kuki,NA,https://www.transfermarkt.com/kuki-zalazar/profil/spieler/311696
Kwon Chang-hoon,1994,https://fbref.com/en/players/7961f7aa/Kwon-Chang-hoon,NA,https://www.transfermarkt.com/chang-hoon-kwon/profil/spieler/259350
Lacina Traoré,1990,https://fbref.com/en/players/883f251e/Lacina-Traore,NA,https://www.transfermarkt.com/lacina-traore/profil/spieler/69006
Ladislav Krejčí,1992,https://fbref.com/en/players/58027adc/Ladislav-Krejci,NA,https://www.transfermarkt.com/ladislav-krejci/profil/spieler/140206
Lago Junior,1990,https://fbref.com/en/players/360d70f8/Lago-Junior,NA,https://www.transfermarkt.com/lago-junior/profil/spieler/100722
Larra,1997,https://fbref.com/en/players/0d690336/Larra,NA,https://www.transfermarkt.com/gaizka-larrazabal/profil/spieler/439465
Lasse Sørensen,1999,https://fbref.com/en/players/ce9c203e/Lasse-Sorensen,NA,https://www.transfermarkt.com/lasse-sorensen/profil/spieler/357967
Lauti,2001,https://fbref.com/en/players/f934c5c9/Lauti,NA,https://www.transfermarkt.com/lautaro-de-leon/profil/spieler/561745
Lazar Marković,1994,https://fbref.com/en/players/723ba189/Lazar-Markovic,NA,https://www.transfermarkt.com/lazar-markovic/profil/spieler/144303
Lazar Nikolić,1999,https://fbref.com/en/players/f9c8dcf2/Lazar-Nikolic,NA,https://www.transfermarkt.com/lazar-nikolic/profil/spieler/434295
Leandro Barreiro Martins,2000,https://fbref.com/en/players/00242b75/Leandro-Barreiro-Martins,NA,https://www.transfermarkt.com/leandro-barreiro/profil/spieler/357233
Lee Chung-yong,1988,https://fbref.com/en/players/49b05a83/Lee-Chung-yong,NA,https://www.transfermarkt.com/chung-yong-lee/profil/spieler/81801
Lee Jae-sung,1992,https://fbref.com/en/players/34b0387f/Lee-Jae-sung,NA,https://www.transfermarkt.com/jae-sung-lee/profil/spieler/314398
Lee Kangin,2001,https://fbref.com/en/players/8455ad90/Lee-Kangin,NA,https://www.transfermarkt.com/kang-in-lee/profil/spieler/557149
Lee Seung-woo,1998,https://fbref.com/en/players/0f22b650/Lee-Seung-woo,NA,https://www.transfermarkt.com/seung-woo-lee/profil/spieler/280239
Leif Davis,2000,https://fbref.com/en/players/8574c61f/Leif-Davis,NA,https://www.transfermarkt.com/leif-davis/profil/spieler/596446
Leo Štulac,1994,https://fbref.com/en/players/92948398/Leo-Stulac,NA,https://www.transfermarkt.com/leo-stulac/profil/spieler/171159
Levin Öztunalı,1996,https://fbref.com/en/players/66385c46/Levin-Oztunali,NA,https://www.transfermarkt.com/levin-oztunali/profil/spieler/168543
Lillo,1989,https://fbref.com/en/players/476ca810/Lillo,NA,https://www.transfermarkt.com/lillo-castellano/profil/spieler/62913
Loïc Bade,2000,https://fbref.com/en/players/114bbdee/Loic-Bade,NA,https://www.transfermarkt.com/loic-bade/profil/spieler/730581
Lorenco Šimić,1996,https://fbref.com/en/players/65e4dede/Lorenco-Simic,NA,https://www.transfermarkt.com/lorenco-simic/profil/spieler/226093
Lovre Kalinić,1990,https://fbref.com/en/players/3a74f92b/Lovre-Kalinic,NA,https://www.transfermarkt.com/lovre-kalinic/profil/spieler/46405
Luan Peres Petroni,1994,https://fbref.com/en/players/a5549ec1/Luan-Peres-Petroni,NA,https://www.transfermarkt.com/luan-peres/profil/spieler/347913
Lucas Buadés,1997,https://fbref.com/en/players/f9921b7f/Lucas-Buades,NA,https://www.transfermarkt.com/lucas-buades/profil/spieler/531960
Lucas Cañizars,2002,https://fbref.com/en/players/7e84906e/Lucas-Canizars,NA,https://www.transfermarkt.com/lucas-canizares/profil/spieler/568154
Lucas Douath,2003,https://fbref.com/en/players/3cd7820a/Lucas-Douath,NA,https://www.transfermarkt.com/lucas-gourna-douath/profil/spieler/620313
Luis Alberto García Pacheco,1998,https://fbref.com/en/players/5e9d0e32/Luis-Alberto-Garcia-Pacheco,NA,https://www.transfermarkt.com/lucho-garcia/profil/spieler/469737
Luka Jović,1997,https://fbref.com/en/players/4d8cd038/Luka-Jovic,NA,https://www.transfermarkt.com/luka-jovic/profil/spieler/257462
Luka Marković,2000,https://fbref.com/en/players/c76c6709/Luka-Markovic,NA,https://www.transfermarkt.com/luka-markovic/profil/spieler/466124
Luka Milivojević,1991,https://fbref.com/en/players/2ce2508a/Luka-Milivojevic,NA,https://www.transfermarkt.com/luka-milivojevic/profil/spieler/74300
Luka Modrić,1985,https://fbref.com/en/players/6025fab1/Luka-Modric,NA,https://www.transfermarkt.com/luka-modric/profil/spieler/27992
Lukáš Haraslín,1996,https://fbref.com/en/players/5c397195/Lukas-Haraslin,NA,https://www.transfermarkt.com/lukas-haraslin/profil/spieler/239941
Lukáš Hrádecký,1989,https://fbref.com/en/players/ad3389d5/Lukas-Hradecky,NA,https://www.transfermarkt.com/lukas-hradecky/profil/spieler/48015
Lukáš Pokorný,1993,https://fbref.com/en/players/d831f06f/Lukas-Pokorny,NA,https://www.transfermarkt.com/lukas-pokorny/profil/spieler/279529
Łukasz Fabiański,1985,https://fbref.com/en/players/9328b835/Lukasz-Fabianski,NA,https://www.transfermarkt.com/lukasz-fabianski/profil/spieler/29692
Luke Mbete-Tatu,2000,https://fbref.com/en/players/387e1d35/Luke-Mbete-Tatu,NA,https://www.transfermarkt.com/luke-mbete/profil/spieler/609883
Lumor Agbenyenu,1996,https://fbref.com/en/players/073b1b37/Lumor-Agbenyenu,NA,https://www.transfermarkt.com/lumor/profil/spieler/344393
Mads Bech Sørensen,1999,https://fbref.com/en/players/30db8574/Mads-Bech-Sorensen,NA,https://www.transfermarkt.com/mads-bech-sorensen/profil/spieler/372240
Mads Roerslev,1999,https://fbref.com/en/players/57c94db2/Mads-Roerslev,NA,https://www.transfermarkt.com/mads-roerslev-rasmussen/profil/spieler/391005
Mak Varešanović,1998,https://fbref.com/en/players/bf4bff7b/Mak-Varesanovic,NA,https://www.transfermarkt.com/mak-varesanovic/profil/spieler/366068
Mamadou Kanouté,1993,https://fbref.com/en/players/3d5ed93d/Mamadou-Kanoute,NA,https://www.transfermarkt.com/mamadou-kanoute/profil/spieler/201734
Manuel Lombardoni,1999,https://fbref.com/en/players/672489c0/Manuel-Lombardoni,NA,https://www.transfermarkt.com/manuel-lombardoni/profil/spieler/426906
Maranhão,1996,https://fbref.com/en/players/ae86d473/Maranhao,NA,https://www.transfermarkt.com/marcos-andre/profil/spieler/481084
Marc Guéhi,2000,https://fbref.com/en/players/d0706b27/Marc-Guehi,NA,https://www.transfermarkt.com/marc-guehi/profil/spieler/392757
Marcelo Brozović,1992,https://fbref.com/en/players/33b8d077/Marcelo-Brozovic,NA,https://www.transfermarkt.com/marcelo-brozovic/profil/spieler/156617
Marcin Bułka,1999,https://fbref.com/en/players/db87a2c4/Marcin-Bulka,NA,https://www.transfermarkt.com/marcin-bulka/profil/spieler/465955
Marcin Kamiński,1992,https://fbref.com/en/players/463503e2/Marcin-Kaminski,NA,https://www.transfermarkt.com/marcin-kaminski/profil/spieler/129358
Marco Pissardo,1999,https://fbref.com/en/players/73ba463e/Marco-Pissardo,NA,https://www.transfermarkt.com/marco-pissardo/profil/spieler/350082
Marcos Mauro López Gutiérrez,1991,https://fbref.com/en/players/b3b62f94/Marcos-Mauro-Lopez-Gutierrez,NA,https://www.transfermarkt.com/marcos-mauro/profil/spieler/247366
Marek Hamšík,1987,https://fbref.com/en/players/e6ad16b2/Marek-Hamsik,NA,https://www.transfermarkt.com/marek-hamsik/profil/spieler/38593
Marek Rodák,1996,https://fbref.com/en/players/17acc2ed/Marek-Rodak,NA,https://www.transfermarkt.com/marek-rodak/profil/spieler/186901
Marek Suchý,1988,https://fbref.com/en/players/c5224618/Marek-Suchy,NA,https://www.transfermarkt.com/marek-suchy/profil/spieler/34542
Mariano,1993,https://fbref.com/en/players/5c4dc0ff/Mariano,NA,https://www.transfermarkt.com/mariano-diaz/profil/spieler/225020
Marijan Ćavar,1998,https://fbref.com/en/players/33ec696b/Marijan-Cavar,NA,https://www.transfermarkt.com/marijan-cavar/profil/spieler/419255
Marin Pongračić,1997,https://fbref.com/en/players/2a6cd437/Marin-Pongracic,NA,https://www.transfermarkt.com/marin-pongracic/profil/spieler/282144
Mario Mandžukić,1986,https://fbref.com/en/players/afa0d4e0/Mario-Mandzukic,NA,https://www.transfermarkt.com/mario-mandzukic/profil/spieler/34572
Mario Pašalić,1995,https://fbref.com/en/players/e599253a/Mario-Pasalic,NA,https://www.transfermarkt.com/mario-pasalic/profil/spieler/205938
Mario Rodriguez,1997,https://fbref.com/en/players/a5cdedc7/Mario-Rodriguez,NA,https://www.transfermarkt.com/mario-rodriguez/profil/spieler/251888
Mario Vrančić,1989,https://fbref.com/en/players/16fa6881/Mario-Vrancic,NA,https://www.transfermarkt.com/mario-vrancic/profil/spieler/39372
Marios Oikonomou,1992,https://fbref.com/en/players/3b9858f5/Marios-Oikonomou,NA,https://www.transfermarkt.com/marios-ikonomou/profil/spieler/174488
Mariusz Stępiński,1995,https://fbref.com/en/players/7b536033/Mariusz-Stepinski,NA,https://www.transfermarkt.com/mariusz-stepinski/profil/spieler/210363
Marko Arnautović,1989,https://fbref.com/en/players/00459419/Marko-Arnautovic,NA,https://www.transfermarkt.com/marko-arnautovic/profil/spieler/41384
Marko Dmitrović,1992,https://fbref.com/en/players/ac295d9e/Marko-Dmitrovic,NA,https://www.transfermarkt.com/marko-dmitrovic/profil/spieler/94308
Marko Grujić,1996,https://fbref.com/en/players/8b8e759d/Marko-Grujic,NA,https://www.transfermarkt.com/marko-grujic/profil/spieler/222813
Marko Janković,1995,https://fbref.com/en/players/9866afec/Marko-Jankovic,NA,https://www.transfermarkt.com/marko-jankovic/profil/spieler/222223
Marko Pajač,1993,https://fbref.com/en/players/5df4ef30/Marko-Pajac,NA,https://www.transfermarkt.com/marko-pajac/profil/spieler/190634
Martin Agirregabiria,1996,https://fbref.com/en/players/355c883a/Martin-Agirregabiria,NA,https://www.transfermarkt.com/martin-aguirregabiria/profil/spieler/483573
Martin Dúbravka,1989,https://fbref.com/en/players/3a949a25/Martin-Dubravka,NA,https://www.transfermarkt.com/martin-dubravka/profil/spieler/74960
Martin Škrtel,1984,https://fbref.com/en/players/defb905a/Martin-Skrtel,NA,https://www.transfermarkt.com/martin-skrtel/profil/spieler/24180
Marvin,2000,https://fbref.com/en/players/efaefda0/Marvin,NA,https://www.transfermarkt.com/marvin-park/profil/spieler/603940
Marvin Elimbi,2003,https://fbref.com/en/players/672f3db0/Marvin-Elimbi,NA,https://www.transfermarkt.com/marvin-elimbi-gilbert/profil/spieler/862628
Massadio Haïdara,1992,https://fbref.com/en/players/5167c97e/Massadio-Haidara,NA,https://www.transfermarkt.com/massadio-haidara/profil/spieler/170929
Mateo Kovačić,1994,https://fbref.com/en/players/79c0821a/Mateo-Kovacic,NA,https://www.transfermarkt.com/mateo-kovacic/profil/spieler/51471
Mateo Pavlović,1990,https://fbref.com/en/players/450e277f/Mateo-Pavlovic,NA,https://www.transfermarkt.com/mateo-pavlovic/profil/spieler/69436
Mateu Morey,2000,https://fbref.com/en/players/5fd5e542/Mateu-Morey,NA,https://www.transfermarkt.com/mateu-morey-bauza/profil/spieler/388513
Matheus Pereira da Silva,1998,https://fbref.com/en/players/bef22bc4/Matheus-Pereira-da-Silva,NA,https://www.transfermarkt.com/matheus-pereira/profil/spieler/323934
Mathias Jørgensen,1990,https://fbref.com/en/players/0db5d2c8/Mathias-Jorgensen,NA,https://www.transfermarkt.com/zanka/profil/spieler/52059
Mathieu Goncalves,2001,https://fbref.com/en/players/d26cd32d/Mathieu-Goncalves,NA,https://www.transfermarkt.com/mathieu-goncalves/profil/spieler/463608
Mathys Tel,2005,https://fbref.com/en/players/829aa60c/Mathys-Tel,NA,https://www.transfermarkt.com/mathys-tel/profil/spieler/801734
Matija Nastasić,1993,https://fbref.com/en/players/f35430a4/Matija-Nastasic,NA,https://www.transfermarkt.com/matija-nastasic/profil/spieler/143559
Matthias Phaeton,2000,https://fbref.com/en/players/42c8ede1/Matthias-Phaeton,NA,https://www.transfermarkt.com/matthias-phaeton/profil/spieler/427693
Maxime Lopez,1997,https://fbref.com/en/players/20094685/Maxime-Lopez,NA,https://www.transfermarkt.com/maxime-lopez/profil/spieler/290862
Michal Tomič,1999,https://fbref.com/en/players/925fe145/Michal-Tomic,NA,https://www.transfermarkt.com/michal-tomic/profil/spieler/344321
Míchel,1988,https://fbref.com/en/players/418f8f61/Michel,NA,https://www.transfermarkt.com/michel-herrero/profil/spieler/65331
Miguel,1999,https://fbref.com/en/players/6763373d/Miguel,NA,https://www.transfermarkt.com/miguel-de-la-fuente/profil/spieler/480883
Miguel,1997,https://fbref.com/en/players/7aa10402/Miguel,NA,https://www.transfermarkt.com/miguel-angel-leal/profil/spieler/527964
Miguel Juan Llambrich,1996,https://fbref.com/en/players/d83f09ff/Miguel-Juan-Llambrich,NA,https://www.transfermarkt.com/miguelon/profil/spieler/399775
Mihael Onișa,2000,https://fbref.com/en/players/fac3c647/Mihael-Onisa,NA,https://www.transfermarkt.com/mihael-onisa/profil/spieler/418225
Mihailo Ristić,1995,https://fbref.com/en/players/ea0aa7e0/Mihailo-Ristic,NA,https://www.transfermarkt.com/mihailo-ristic/profil/spieler/271455
Mijat Gaćinović,1995,https://fbref.com/en/players/16daec92/Mijat-Gacinovic,NA,https://www.transfermarkt.com/mijat-gacinovic/profil/spieler/215864
Milan Biševac,1983,https://fbref.com/en/players/a51728e3/Milan-Bisevac,NA,https://www.transfermarkt.com/milan-bisevac/profil/spieler/24661
Milan Đurić,1990,https://fbref.com/en/players/405f6586/Milan-Djuric,NA,https://www.transfermarkt.com/milan-djuric/profil/spieler/67556
Milan Gajić,1996,https://fbref.com/en/players/9f6325f9/Milan-Gajic,NA,https://www.transfermarkt.com/milan-gajic/profil/spieler/245030
Milan Škriniar,1995,https://fbref.com/en/players/30f5ffa9/Milan-Skriniar,NA,https://www.transfermarkt.com/milan-skriniar/profil/spieler/204069
Milos Bocic,2000,https://fbref.com/en/players/e6d74685/Milos-Bocic,NA,https://www.transfermarkt.com/milo-scaron-bo%C4%8Di%C4%87/profil/spieler/398945
Miloš Jojić,1992,https://fbref.com/en/players/fb59286d/Milos-Jojic,NA,https://www.transfermarkt.com/milos-jojic/profil/spieler/160285
Miloš Pantović,1996,https://fbref.com/en/players/5dc15574/Milos-Pantovic,NA,https://www.transfermarkt.com/milos-pantovic/profil/spieler/232144
Miloš Veljković,1995,https://fbref.com/en/players/a5ae8f8e/Milos-Veljkovic,NA,https://www.transfermarkt.com/milos-veljkovic/profil/spieler/202228
Miloš Vulić,1996,https://fbref.com/en/players/5944af8f/Milos-Vulic,NA,https://www.transfermarkt.com/milos-vulic/profil/spieler/270901
Milutin Osmajić,1999,https://fbref.com/en/players/375ed9d7/Milutin-Osmajic,NA,https://www.transfermarkt.com/milutin-osmajic/profil/spieler/542819
Moanes Dabour,1992,https://fbref.com/en/players/eac044ad/Moanes-Dabour,NA,https://www.transfermarkt.com/munas-dabbur/profil/spieler/145866
Moha,2000,https://fbref.com/en/players/97ceacc3/Moha,NA,https://www.transfermarkt.com/moha-ramos/profil/spieler/495602
Mohamed Cissé,2001,https://fbref.com/en/players/276d0434/Mohamed-Cisse,NA,https://www.transfermarkt.com/mohamed-cisse/profil/spieler/800246
Mohamed Lamine Diaby,2001,https://fbref.com/en/players/15e99107/Mohamed-Lamine-Diaby,NA,https://www.transfermarkt.com/lamine-diaby-fadiga/profil/spieler/495669
Mohamed Moukhliss,2000,https://fbref.com/en/players/347aa693/Mohamed-Moukhliss,NA,https://www.transfermarkt.com/moha-moukhliss/profil/spieler/495622
Moreto Cassamã,1998,https://fbref.com/en/players/f54d2149/Moreto-Cassama,NA,https://www.transfermarkt.com/moreto-cassama/profil/spieler/290746
Mouhamadou Diarra,2004,https://fbref.com/en/players/6d0fe035/Mouhamadou-Diarra,NA,https://www.transfermarkt.com/habib-diarra/profil/spieler/876631
Moussa Niakhate,1996,https://fbref.com/en/players/00242715/Moussa-Niakhate,NA,https://www.transfermarkt.com/moussa-niakhate/profil/spieler/291200
Muhamed Bešić,1992,https://fbref.com/en/players/7ca9f0f0/Muhamed-Besic,NA,https://www.transfermarkt.com/muhamed-besic/profil/spieler/93905
Muzinga Ngonda,1994,https://fbref.com/en/players/b748968d/Muzinga-Ngonda,NA,https://www.transfermarkt.com/ngonda-muzinga/profil/spieler/426790
Nacho,1990,https://fbref.com/en/players/2946f9a1/Nacho,NA,https://www.transfermarkt.com/nacho-fernandez/profil/spieler/58884
Nacho,1989,https://fbref.com/en/players/e29d1111/Nacho,NA,https://www.transfermarkt.com/nacho-martinez/profil/spieler/127554
Nahuel Molina,1997,https://fbref.com/en/players/23610943/Nahuel-Molina,NA,https://www.transfermarkt.com/nahuel-molina/profil/spieler/424042
Nano,1995,https://fbref.com/en/players/217011a0/Nano,NA,https://www.transfermarkt.com/nano-mesa/profil/spieler/305956
Nemanja Maksimović,1995,https://fbref.com/en/players/00b28772/Nemanja-Maksimovic,NA,https://www.transfermarkt.com/nemanja-maksimovic/profil/spieler/273152
Nemanja Matić,1988,https://fbref.com/en/players/eb7822d7/Nemanja-Matic,NA,https://www.transfermarkt.com/nemanja-matic/profil/spieler/74683
Nemanja Radonjić,1996,https://fbref.com/en/players/0630eb63/Nemanja-Radonjic,NA,https://www.transfermarkt.com/nemanja-radonjic/profil/spieler/245078
Néstor Araujo,1991,https://fbref.com/en/players/27a013f7/Nestor-Araujo,NA,https://www.transfermarkt.com/nestor-araujo/profil/spieler/64134
Neven Subotić,1988,https://fbref.com/en/players/821233cc/Neven-Subotic,NA,https://www.transfermarkt.com/neven-subotic/profil/spieler/40995
Nianzou Kouassi,2002,https://fbref.com/en/players/5853ac44/Nianzou-Kouassi,NA,https://www.transfermarkt.com/tanguy-nianzou/profil/spieler/538996
Nicky Medja,2000,https://fbref.com/en/players/714ffae7/Nicky-Medja,NA,https://www.transfermarkt.com/nicky-beloko/profil/spieler/382774
Nico Ribaudo,2001,https://fbref.com/en/players/ce8039aa/Nico-Ribaudo,NA,https://www.transfermarkt.com/nico-melamed/profil/spieler/570421
Nícolas Andrade,1988,https://fbref.com/en/players/326d09ef/Nicolas-Andrade,NA,https://www.transfermarkt.com/nicolas/profil/spieler/99523
Nicolás González,2002,https://fbref.com/en/players/2c56a792/Nicolas-Gonzalez,NA,https://www.transfermarkt.com/nico-gonzalez/profil/spieler/466805
Nicolas Nkoulou,1990,https://fbref.com/en/players/93cf32a8/Nicolas-Nkoulou,NA,https://www.transfermarkt.com/nicolas-nkoulou/profil/spieler/60577
Nicolás Serrano,2003,https://fbref.com/en/players/2ad0e5e5/Nicolas-Serrano,NA,https://www.transfermarkt.com/nico-serrano/profil/spieler/668183
Nikita Contini Baranovsky,1996,https://fbref.com/en/players/e95069bb/Nikita-Contini-Baranovsky,NA,https://www.transfermarkt.com/nikita-contini/profil/spieler/250683
Nikola Kalinić,1988,https://fbref.com/en/players/d4931a5a/Nikola-Kalinic,NA,https://www.transfermarkt.com/nikola-kalinic/profil/spieler/36371
Nikola Maksimović,1991,https://fbref.com/en/players/16b9d5cf/Nikola-Maksimovic,NA,https://www.transfermarkt.com/nikola-maksimovic/profil/spieler/124715
Nikola Milenković,1997,https://fbref.com/en/players/bee704fc/Nikola-Milenkovic,NA,https://www.transfermarkt.com/nikola-milenkovic/profil/spieler/413507
Nikola Vlašić,1997,https://fbref.com/en/players/aa8e289e/Nikola-Vlasic,NA,https://www.transfermarkt.com/nikola-vlasic/profil/spieler/293200
Nikola Vukčević,1991,https://fbref.com/en/players/4442fbcd/Nikola-Vukcevic,NA,https://www.transfermarkt.com/nikola-vukcevic/profil/spieler/151470
Nikolas Špalek,1997,https://fbref.com/en/players/9e90fb5d/Nikolas-Spalek,NA,https://www.transfermarkt.com/nikolas-spalek/profil/spieler/243239
Norbert Gyömbér,1992,https://fbref.com/en/players/0be276c6/Norbert-Gyomber,NA,https://www.transfermarkt.com/norbert-gyomber/profil/spieler/205054
Nura Abdullahi,1997,https://fbref.com/en/players/d24769d8/Nura-Abdullahi,NA,https://www.transfermarkt.com/abdullahi-nura/profil/spieler/337705
Nuri Şahin,1988,https://fbref.com/en/players/f4081572/Nuri-Sahin,NA,https://www.transfermarkt.com/nuri-sahin/profil/spieler/31095
Odilon Kossonou,2001,https://fbref.com/en/players/1f3afdcb/Odilon-Kossonou,NA,https://www.transfermarkt.com/odilon-kossounou/profil/spieler/644771
Ognjen Stijepović,1999,https://fbref.com/en/players/80ad4216/Ognjen-Stijepovic,NA,https://www.transfermarkt.com/ognjen-stijepovic/profil/spieler/399907
Oier Sanjurjo,1986,https://fbref.com/en/players/466824fb/Oier-Sanjurjo,NA,https://www.transfermarkt.com/oier/profil/spieler/63040
Okay Yokuşlu,1994,https://fbref.com/en/players/e49ce451/Okay-Yokuslu,NA,https://www.transfermarkt.com/okay-yokuslu/profil/spieler/137616
Olasagasti,2000,https://fbref.com/en/players/3d99999d/Olasagasti,NA,https://www.transfermarkt.com/jon-ander-olasagasti/profil/spieler/625660
Ole Selnæs,1994,https://fbref.com/en/players/4db2157a/Ole-Selnaes,NA,https://www.transfermarkt.com/ole-selnaes/profil/spieler/175961
Oliver Batista-Meier,2001,https://fbref.com/en/players/b7828a08/Oliver-Batista-Meier,NA,https://www.transfermarkt.com/oliver-batista-meier/profil/spieler/406614
Ondřej Petrák,1992,https://fbref.com/en/players/3e81a228/Ondrej-Petrak,NA,https://www.transfermarkt.com/ondrej-petrak/profil/spieler/165331
Óscar Gil,1997,https://fbref.com/en/players/6652cf96/Oscar-Gil,NA,https://www.transfermarkt.com/oscar-gil/profil/spieler/544106
Óscar Rodríguez Arnaiz,1998,https://fbref.com/en/players/19709006/Oscar-Rodriguez-Arnaiz,NA,https://www.transfermarkt.com/oscar-rodriguez/profil/spieler/284884
Owen Dodgson,2003,https://fbref.com/en/players/2e590065/Owen-Dodgson,NA,https://www.transfermarkt.com/owen-dodgson/profil/spieler/686839
Pablo Gálvez,2001,https://fbref.com/en/players/191a897a/Pablo-Galvez,NA,https://www.transfermarkt.com/pablo-galvez/profil/spieler/632499
Pablo Gozalbez,2001,https://fbref.com/en/players/f33b6ee6/Pablo-Gozalbez,NA,https://www.transfermarkt.com/pablo-gozalbez/profil/spieler/622992
Pablo Ramon,2001,https://fbref.com/en/players/03cb6ca0/Pablo-Ramon,NA,https://www.transfermarkt.com/pablo-ramon/profil/spieler/629511
Paik Seung-ho,1997,https://fbref.com/en/players/1e1bea09/Paik-Seung-ho,NA,https://www.transfermarkt.com/seung-ho-paik/profil/spieler/282689
Paolo Gozzi Iweru,2001,https://fbref.com/en/players/94230890/Paolo-Gozzi-Iweru,NA,https://www.transfermarkt.com/paolo-gozzi/profil/spieler/487333
Pape Abou Cisse,1995,https://fbref.com/en/players/8bc373ea/Pape-Abou-Cisse,NA,https://www.transfermarkt.com/pape-abou-cisse/profil/spieler/364234
Pape Assane,1997,https://fbref.com/en/players/15434055/Pape-Assane,NA,https://www.transfermarkt.com/pape-assane/profil/spieler/255733
Paulino,1997,https://fbref.com/en/players/f20fce1b/Paulino,NA,https://www.transfermarkt.com/paulino-de-la-fuente/profil/spieler/261502
Pavel Kadeřábek,1992,https://fbref.com/en/players/79c90e45/Pavel-Kaderabek,NA,https://www.transfermarkt.com/pavel-kaderabek/profil/spieler/143798
Paweł Jaroszyński,1994,https://fbref.com/en/players/958a601f/Pawel-Jaroszynski,NA,https://www.transfermarkt.com/pawel-jaroszynski/profil/spieler/287600
Pedro López Muñoz,1983,https://fbref.com/en/players/a60823a4/Pedro-Lopez-Munoz,NA,https://www.transfermarkt.com/pedro-lopez/profil/spieler/25412
Pedro Ortiz,2000,https://fbref.com/en/players/f9358b61/Pedro-Ortiz,NA,https://www.transfermarkt.com/pedro-ortiz/profil/spieler/610238
Pepe,2000,https://fbref.com/en/players/6583a8a9/Pepe,NA,https://www.transfermarkt.com/pepe-sanchez/profil/spieler/500191
Pepín,1996,https://fbref.com/en/players/7afb1573/Pepin,NA,https://www.transfermarkt.com/jose-machin/profil/spieler/355104
Pere Joan,2002,https://fbref.com/en/players/a2b1bca6/Pere-Joan,NA,https://www.transfermarkt.com/pere-garcia/profil/spieler/632913
Petar Mićin,1998,https://fbref.com/en/players/259deea9/Petar-Micin,NA,https://www.transfermarkt.com/petar-micin/profil/spieler/343963
Petar Škuletić,1990,https://fbref.com/en/players/d9a66c60/Petar-Skuletic,NA,https://www.transfermarkt.com/petar-skuletic/profil/spieler/58295
Petar Stojanović,1995,https://fbref.com/en/players/13b44b02/Petar-Stojanovic,NA,https://www.transfermarkt.com/petar-stojanovic/profil/spieler/183841
Peter Pekarík,1986,https://fbref.com/en/players/c18d22f5/Peter-Pekarik,NA,https://www.transfermarkt.com/peter-pekarik/profil/spieler/51100
Petr Čech,1982,https://fbref.com/en/players/71672fa0/Petr-Cech,NA,https://www.transfermarkt.com/petr-cech/profil/spieler/5658
Philip Ankhrah,2002,https://fbref.com/en/players/f5409698/Philip-Ankhrah,NA,https://www.transfermarkt.com/philip-yeboah/profil/spieler/546527
Pierre Højbjerg,1995,https://fbref.com/en/players/8b04d6c1/Pierre-Hojbjerg,NA,https://www.transfermarkt.com/pierre-emile-hojbjerg/profil/spieler/167799
Pierre Lees-Melou,1993,https://fbref.com/en/players/f5044e54/Pierre-Lees-Melou,NA,https://www.transfermarkt.com/pierre-lees-melou/profil/spieler/377393
Pierre-Daniel N'Guinda,1996,https://fbref.com/en/players/fb04404b/Pierre-Daniel-NGuinda,NA,https://www.transfermarkt.com/pierre-daniel-nguinda/profil/spieler/342204
Piotr Zieliński,1994,https://fbref.com/en/players/a5296e55/Piotr-Zielinski,NA,https://www.transfermarkt.com/piotr-zielinski/profil/spieler/181136
Predrag Rajković,1995,https://fbref.com/en/players/58ad9383/Predrag-Rajkovic,NA,https://www.transfermarkt.com/predrag-rajkovic/profil/spieler/190263
Przemysław Tytoń,1987,https://fbref.com/en/players/1fa85681/Przemyslaw-Tyton,NA,https://www.transfermarkt.com/przemyslaw-tyton/profil/spieler/33210
Quique,1990,https://fbref.com/en/players/c966fce1/Quique,NA,https://www.transfermarkt.com/quique-gonzalez/profil/spieler/79352
Rade Krunić,1993,https://fbref.com/en/players/817c6964/Rade-Krunic,NA,https://www.transfermarkt.com/rade-krunic/profil/spieler/259953
Radu Drăgușin,2002,https://fbref.com/en/players/620922ed/Radu-Dragusin,NA,https://www.transfermarkt.com/radu-dragusin/profil/spieler/568559
Rafa,2003,https://fbref.com/en/players/7bf09d25/Rafa,NA,https://www.transfermarkt.com/rafael-romero/profil/spieler/833884
Rafael Cabral,1990,https://fbref.com/en/players/806f7a26/Rafael-Cabral,NA,https://www.transfermarkt.com/rafael/profil/spieler/103916
Rafiki Said Ahamada,2000,https://fbref.com/en/players/c2e5f306/Rafiki-Said-Ahamada,NA,https://www.transfermarkt.com/rafiki-said/profil/spieler/780147
Rajko Brežančić,1989,https://fbref.com/en/players/1519a888/Rajko-Brezancic,NA,https://www.transfermarkt.com/rajko-brezancic/profil/spieler/60289
Randy Ntekja,1997,https://fbref.com/en/players/a6103274/Randy-Ntekja,NA,https://www.transfermarkt.com/randy-nteka/profil/spieler/560483
Raphael Dias Belloli,1996,https://fbref.com/en/players/3423f250/Raphael-Dias-Belloli,NA,https://www.transfermarkt.com/raphinha/profil/spieler/411295
Raúl,2000,https://fbref.com/en/players/18f0a9f0/Raul,NA,https://www.transfermarkt.com/raul-garcia/profil/spieler/631002
Raúl Blanco,2001,https://fbref.com/en/players/8f3cbe57/Raul-Blanco,NA,https://www.transfermarkt.com/raul-blanco/profil/spieler/636096
Redru,1997,https://fbref.com/en/players/70a6ce32/Redru,NA,https://www.transfermarkt.com/carlos-redruello/profil/spieler/521329
Redwan Bourles,2003,https://fbref.com/en/players/5c7895a0/Redwan-Bourles,NA,https://www.transfermarkt.com/redwan-bourles/profil/spieler/804547
Renato Barbosa,1998,https://fbref.com/en/players/ca34d0d8/Renato-Barbosa,NA,https://www.transfermarkt.com/renato/profil/spieler/479498
Ricard,2000,https://fbref.com/en/players/fce521d7/Ricard,NA,https://www.transfermarkt.com/ricard-sanchez/profil/spieler/388545
Ricardo Farcaş,2000,https://fbref.com/en/players/fc0c03fb/Ricardo-Farcas,NA,https://www.transfermarkt.com/ricardo-farcas/profil/spieler/418215
Richairo Živković,1996,https://fbref.com/en/players/d2d74d9c/Richairo-Zivkovic,NA,https://www.transfermarkt.com/richairo-zivkovic/profil/spieler/252755
Rifet Kapić,1995,https://fbref.com/en/players/6e29ba6e/Rifet-Kapic,NA,https://www.transfermarkt.com/rifet-kapic/profil/spieler/251676
Rober,1995,https://fbref.com/en/players/c00097d2/Rober,NA,https://www.transfermarkt.com/rober-pier/profil/spieler/387129
Robert Berić,1991,https://fbref.com/en/players/9001138b/Robert-Beric,NA,https://www.transfermarkt.com/robert-beric/profil/spieler/91415
Róbert Mazáň,1994,https://fbref.com/en/players/30672832/Robert-Mazan,NA,https://www.transfermarkt.com/robert-mazan/profil/spieler/181619
Robert Street,2001,https://fbref.com/en/players/b4390912/Robert-Street,NA,https://www.transfermarkt.com/robert-street/profil/spieler/703474
Robert Vallribera Ruiz,2002,https://fbref.com/en/players/e695674d/Robert-Vallribera-Ruiz,NA,https://www.transfermarkt.com/robert-vallribera/profil/spieler/634455
Robert Žulj,1992,https://fbref.com/en/players/f2e3b81c/Robert-Zulj,NA,https://www.transfermarkt.com/robert-zulj/profil/spieler/122676
Roberto Durante,2001,https://fbref.com/en/players/7ffbfc23/Roberto-Durante,NA,https://www.transfermarkt.com/roberto-de-angelis/profil/spieler/459101
Roberto Olabe del Arco,1996,https://fbref.com/en/players/b91883b7/Roberto-Olabe-del-Arco,NA,https://www.transfermarkt.com/roberto-olabe/profil/spieler/242299
Rodrigo,2000,https://fbref.com/en/players/85bed4ee/Rodrigo,NA,https://www.transfermarkt.com/rodri-sanchez/profil/spieler/630995
Roger Ibanez,1998,https://fbref.com/en/players/82efe6fa/Roger-Ibanez,NA,https://www.transfermarkt.com/roger-ibanez/profil/spieler/524481
Rok Vodišek,1998,https://fbref.com/en/players/70451f65/Rok-Vodisek,NA,https://www.transfermarkt.com/rok-vodisek/profil/spieler/320871
Rubén,1984,https://fbref.com/en/players/24279b8b/Ruben,NA,https://www.transfermarkt.com/ruben-martinez/profil/spieler/8184
Rudy Kohon,2004,https://fbref.com/en/players/9cd28348/Rudy-Kohon,NA,https://www.transfermarkt.com/rudy-kohon/profil/spieler/917101
Salih Uçan,1994,https://fbref.com/en/players/fe154b26/Salih-Ucan,NA,https://www.transfermarkt.com/salih-ucan/profil/spieler/170838
Salvi,1991,https://fbref.com/en/players/405f267a/Salvi,NA,https://www.transfermarkt.com/salvi-sanchez/profil/spieler/246204
Samir Handanović,1984,https://fbref.com/en/players/74419746/Samir-Handanovic,NA,https://www.transfermarkt.com/samir-handanovic/profil/spieler/28021
Samúel Friðjónsson,1996,https://fbref.com/en/players/55557b25/Samuel-Fridjonsson,NA,https://www.transfermarkt.com/samuel-fridjonsson/profil/spieler/240408
Samuel Mráz,1997,https://fbref.com/en/players/be6c1ccc/Samuel-Mraz,NA,https://www.transfermarkt.com/samuel-mraz/profil/spieler/243225
Samuel Şahin-Radlinger,1992,https://fbref.com/en/players/e385200c/Samuel-Sahin-Radlinger,NA,https://www.transfermarkt.com/samuel-sahin-radlinger/profil/spieler/77563
Samuel Sáiz,1991,https://fbref.com/en/players/13e0eb29/Samuel-Saiz,NA,https://www.transfermarkt.com/samu-saiz/profil/spieler/131506
Samuele Oltremarini,2000,https://fbref.com/en/players/7efb2c41/Samuele-Oltremarini,NA,https://www.transfermarkt.com/samuele-oltremarini/profil/spieler/696996
Samy Benchama,2000,https://fbref.com/en/players/90c99c5c/Samy-Benchama,NA,https://www.transfermarkt.com/samy-benchamma/profil/spieler/627464
Sanjin Prcić,1993,https://fbref.com/en/players/51c30111/Sanjin-Prcic,NA,https://www.transfermarkt.com/sanjin-prcic/profil/spieler/125783
Santiago Ramos,2001,https://fbref.com/en/players/fe0a346d/Santiago-Ramos,NA,https://www.transfermarkt.com/santi-ramos-mingo/profil/spieler/688593
Saphir Taïder,1992,https://fbref.com/en/players/a12d0c05/Saphir-Taider,NA,https://www.transfermarkt.com/saphir-taider/profil/spieler/144779
Saša Lukić,1996,https://fbref.com/en/players/c6e8cf1f/Sasa-Lukic,NA,https://www.transfermarkt.com/sasa-lukic/profil/spieler/245056
Scott Banks,2001,https://fbref.com/en/players/d01f8942/Scott-Banks,NA,https://www.transfermarkt.com/scott-banks/profil/spieler/596821
Sead Haksabanović,1999,https://fbref.com/en/players/d2fd7c14/Sead-Haksabanovic,NA,https://www.transfermarkt.com/sead-haksabanovic/profil/spieler/349300
Sead Kolašinac,1993,https://fbref.com/en/players/3935e52e/Sead-Kolasinac,NA,https://www.transfermarkt.com/sead-kolasinac/profil/spieler/94005
Sejad Salihović,1984,https://fbref.com/en/players/a4e14205/Sejad-Salihovic,NA,https://www.transfermarkt.com/sejad-salihovic/profil/spieler/9354
Senad Lulić,1986,https://fbref.com/en/players/7fd58fe3/Senad-Lulic,NA,https://www.transfermarkt.com/senad-lulic/profil/spieler/61449
Seo Youngjae,1995,https://fbref.com/en/players/9caae30d/Seo-Youngjae,NA,https://www.transfermarkt.com/young-jae-seo/profil/spieler/342141
Sergio Cubero Ezcurra,1999,https://fbref.com/en/players/d858d079/Sergio-Cubero-Ezcurra,NA,https://www.transfermarkt.com/sergio-cubero/profil/spieler/684253
Shinji Okazaki,1986,https://fbref.com/en/players/68796d61/Shinji-Okazaki,NA,https://www.transfermarkt.com/shinji-okazaki/profil/spieler/79642
Sidney Friede,1998,https://fbref.com/en/players/bdceacba/Sidney-Friede,NA,https://www.transfermarkt.com/sidney-eweka/profil/spieler/282658
Silas Katompa,1998,https://fbref.com/en/players/de4cac2d/Silas-Katompa,NA,https://www.transfermarkt.com/silas-katompa-mvumpa/profil/spieler/612826
Silvère Ganvoula M'Boussy,1996,https://fbref.com/en/players/6c731625/Silvere-Ganvoula-MBoussy,NA,https://www.transfermarkt.com/silvere-ganvoula/profil/spieler/312819
Simeon Nwankwo,1992,https://fbref.com/en/players/80dbbd10/Simeon-Nwankwo,NA,https://www.transfermarkt.com/simy/profil/spieler/194549
Simon Kjær,1989,https://fbref.com/en/players/8b8a56ce/Simon-Kjaer,NA,https://www.transfermarkt.com/simon-kjaer/profil/spieler/48859
Šimon Štefanec,1998,https://fbref.com/en/players/dff4a9fc/Simon-Stefanec,NA,https://www.transfermarkt.com/simon-stefanec/profil/spieler/344802
Simone Ianesi,2002,https://fbref.com/en/players/4f9fe4f8/Simone-Ianesi,NA,https://www.transfermarkt.com/simone-ianesi/profil/spieler/574889
Sinaly Diomande,2001,https://fbref.com/en/players/6de23ab0/Sinaly-Diomande,NA,https://www.transfermarkt.com/sinaly-diomande/profil/spieler/702441
Sinan Gümüş,1994,https://fbref.com/en/players/ac1f056e/Sinan-Gumus,NA,https://www.transfermarkt.com/sinan-gumus/profil/spieler/196524
Slobodan Medojević,1990,https://fbref.com/en/players/2e64bb49/Slobodan-Medojevic,NA,https://www.transfermarkt.com/slobodan-medojevic/profil/spieler/48164
Son Heung-min,1992,https://fbref.com/en/players/92e7e919/Son-Heung-min,NA,https://www.transfermarkt.com/heung-min-son/profil/spieler/91845
Stanley N'Soki,1999,https://fbref.com/en/players/61590953/Stanley-NSoki,NA,https://www.transfermarkt.com/stanley-nsoki/profil/spieler/371141
Steeve-Mike Ebongue,2001,https://fbref.com/en/players/9d5ab351/Steeve-Mike-Ebongue,NA,https://www.transfermarkt.com/steeve-mike-eyango/profil/spieler/702372
Stefan Drljača,1999,https://fbref.com/en/players/1f964b1b/Stefan-Drljaca,NA,https://www.transfermarkt.com/stefan-drljaca/profil/spieler/388067
Stefan Mitrović,1990,https://fbref.com/en/players/e6777e6b/Stefan-Mitrovic,NA,https://www.transfermarkt.com/stefan-mitrovic/profil/spieler/143029
Stefan Savić,1991,https://fbref.com/en/players/f6ac68c1/Stefan-Savic,NA,https://www.transfermarkt.com/stefan-savic/profil/spieler/107010
Stefan Simić,1995,https://fbref.com/en/players/b5365398/Stefan-Simic,NA,https://www.transfermarkt.com/stefan-simic/profil/spieler/198613
Stephan Fürstner,1987,https://fbref.com/en/players/18c2e247/Stephan-Furstner,NA,https://www.transfermarkt.com/stephan-furstner/profil/spieler/35493
Stevan Jovetić,1989,https://fbref.com/en/players/f36c432f/Stevan-Jovetic,NA,https://www.transfermarkt.com/stevan-jovetic/profil/spieler/46104
Strahinja Pavlović,2001,https://fbref.com/en/players/25146df0/Strahinja-Pavlovic,NA,https://www.transfermarkt.com/strahinja-pavlovic/profil/spieler/574671
Strahinja Tanasijević,1997,https://fbref.com/en/players/618ab91f/Strahinja-Tanasijevic,NA,https://www.transfermarkt.com/strahinja-tanasijevic/profil/spieler/400001
Suk Hyun-jun,1991,https://fbref.com/en/players/7ffaf233/Suk-Hyun-jun,NA,https://www.transfermarkt.com/hyun-jun-suk/profil/spieler/129990
Szymon Czyż,2001,https://fbref.com/en/players/4c14af32/Szymon-Czyz,NA,https://www.transfermarkt.com/szymon-czyz/profil/spieler/407094
Szymon Żurkowski,1997,https://fbref.com/en/players/4e1d5e59/Szymon-Zurkowski,NA,https://www.transfermarkt.com/szymon-zurkowski/profil/spieler/387234
Tanguy Ndombele,1996,https://fbref.com/en/players/5cdddffa/Tanguy-Ndombele,NA,https://www.transfermarkt.com/tanguy-ndombele/profil/spieler/450936
Théo Pionnier,2002,https://fbref.com/en/players/857c7688/Theo-Pionnier,NA,https://www.transfermarkt.com/theo-pionnier-bertrand/profil/spieler/811431
Théodore Efouba,1997,https://fbref.com/en/players/96245685/Theodore-Efouba,NA,https://www.transfermarkt.com/theodore-efouba-ayissi/profil/spieler/509235
Thiago Alcántara,1991,https://fbref.com/en/players/77e84962/Thiago-Alcantara,NA,https://www.transfermarkt.com/thiago/profil/spieler/60444
Thomas Mcgill,2000,https://fbref.com/en/players/4eb2d015/Thomas-Mcgill,NA,https://www.transfermarkt.com/tom-mcgill/profil/spieler/406556
Tim Iroegbunam,NA,https://fbref.com/en/players/84c5ceea/Tim-Iroegbunam,NA,https://www.transfermarkt.com/tim-iroegbunam/profil/spieler/696589
Timothé Rupil,2003,https://fbref.com/en/players/856cc666/Timothe-Rupil,NA,https://www.transfermarkt.com/timothe-rupil/profil/spieler/627661
Timothee Pembele,2002,https://fbref.com/en/players/f8ce97ca/Timothee-Pembele,NA,https://www.transfermarkt.com/timothee-pembele/profil/spieler/538998
Toma Bašić,1996,https://fbref.com/en/players/80556f08/Toma-Basic,NA,https://www.transfermarkt.com/toma-basic/profil/spieler/334835
Tomáš Hubočan,1985,https://fbref.com/en/players/97b87472/Tomas-Hubocan,NA,https://www.transfermarkt.com/tomas-hubocan/profil/spieler/63252
Tomáš Ostrák,2000,https://fbref.com/en/players/3ba95f20/Tomas-Ostrak,NA,https://www.transfermarkt.com/tomas-ostrak/profil/spieler/428189
Tomás Pina Isla,1987,https://fbref.com/en/players/e54bd0a2/Tomas-Pina-Isla,NA,https://www.transfermarkt.com/tomas-pina/profil/spieler/139895
Tomáš Souček,1995,https://fbref.com/en/players/6613c819/Tomas-Soucek,NA,https://www.transfermarkt.com/tomas-soucek/profil/spieler/283628
Tomáš Vaclík,1989,https://fbref.com/en/players/7b456af7/Tomas-Vaclik,NA,https://www.transfermarkt.com/tomas-vaclik/profil/spieler/64000
Toni Fuidias,2001,https://fbref.com/en/players/33d2c795/Toni-Fuidias,NA,https://www.transfermarkt.com/toni-fuidias/profil/spieler/623526
Toño,1989,https://fbref.com/en/players/d4ef9ac5/Tono,NA,https://www.transfermarkt.com/tono-garcia/profil/spieler/125931
Toño Ramírez,1986,https://fbref.com/en/players/dc4511f3/Tono-Ramirez,NA,https://www.transfermarkt.com/tono/profil/spieler/76285
Trézéguet,1994,https://fbref.com/en/players/3ae14ed1/Trezeguet,NA,https://www.transfermarkt.com/trezeguet/profil/spieler/234189
Tudor Băluță,1999,https://fbref.com/en/players/ed33f42d/Tudor-Baluta,NA,https://www.transfermarkt.com/tudor-baluta/profil/spieler/433976
Unai Arietaleanizbeaskoa,1999,https://fbref.com/en/players/74d9a90b/Unai-Arietaleanizbeaskoa,NA,https://www.transfermarkt.com/unai-arieta/profil/spieler/783434
Unai Vencedor Paris,2000,https://fbref.com/en/players/4112ace5/Unai-Vencedor-Paris,NA,https://www.transfermarkt.com/unai-vencedor/profil/spieler/610083
Uroš Račić,1998,https://fbref.com/en/players/faed84db/Uros-Racic,NA,https://www.transfermarkt.com/uros-racic/profil/spieler/417575
Vagner Gonçalves,1996,https://fbref.com/en/players/743fd71f/Vagner-Goncalves,NA,https://www.transfermarkt.com/vagner/profil/spieler/353211
Vahid Selimović,1997,https://fbref.com/en/players/6aeb647a/Vahid-Selimovic,NA,https://www.transfermarkt.com/vahid-selimovic/profil/spieler/351072
Vasco Oliveira,2000,https://fbref.com/en/players/a9ca50f5/Vasco-Oliveira,NA,https://www.transfermarkt.com/vasco-da-cunha/profil/spieler/445434
Vassilis Lambropoulos,1990,https://fbref.com/en/players/591477c9/Vassilis-Lambropoulos,NA,https://www.transfermarkt.com/vasilios-lampropoulos/profil/spieler/63489
Vedad Ibišević,1984,https://fbref.com/en/players/c3fd9887/Vedad-Ibisevic,NA,https://www.transfermarkt.com/vedad-ibisevic/profil/spieler/21175
Victor Perea,2000,https://fbref.com/en/players/b7de5bad/Victor-Perea,NA,https://www.transfermarkt.com/victor-gomez/profil/spieler/495601
Vitalie Damașcan,1999,https://fbref.com/en/players/54e0c0cc/Vitalie-Damascan,NA,https://www.transfermarkt.com/vitalie-damascan/profil/spieler/354136
Vitja Valenčič,1999,https://fbref.com/en/players/faa81ba6/Vitja-Valencic,NA,https://www.transfermarkt.com/vitja-valencic/profil/spieler/320870
Vlad Chiricheș,1989,https://fbref.com/en/players/c316607a/Vlad-Chiriches,NA,https://www.transfermarkt.com/vlad-chiriches/profil/spieler/123261
Vladimir Golemić,1991,https://fbref.com/en/players/1db295e5/Vladimir-Golemic,NA,https://www.transfermarkt.com/vladimir-golemic/profil/spieler/169841
Vontae Daley Campbell,2001,https://fbref.com/en/players/192d4c3d/Vontae-Daley-Campbell,NA,https://www.transfermarkt.com/vontae-daley-campbell/profil/spieler/530732
Vukašin Jovanović,1996,https://fbref.com/en/players/0eb03d5b/Vukasin-Jovanovic,NA,https://www.transfermarkt.com/vukasin-jovanovic/profil/spieler/264140
Waniss Taibi,2002,https://fbref.com/en/players/95192fe4/Waniss-Taibi,NA,https://www.transfermarkt.com/waniss-taibi/profil/spieler/680447
Wesley Moraes,1996,https://fbref.com/en/players/bfae110f/Wesley-Moraes,NA,https://www.transfermarkt.com/wesley/profil/spieler/381362
Will Ferry,2001,https://fbref.com/en/players/f4765c97/Will-Ferry,NA,https://www.transfermarkt.com/will-ferry/profil/spieler/504856
William,1999,https://fbref.com/en/players/09bc547d/William,NA,https://www.transfermarkt.com/william-de-camargo/profil/spieler/583607
Wojciech Szczęsny,1990,https://fbref.com/en/players/01b8a2b2/Wojciech-Szczesny,NA,https://www.transfermarkt.com/wojciech-szczesny/profil/spieler/44058
Wu Lei,1991,https://fbref.com/en/players/e3fabb0a/Wu-Lei,NA,https://www.transfermarkt.com/lei-wu/profil/spieler/140436
Wuilker Faríñez,1998,https://fbref.com/en/players/2c127b6f/Wuilker-Farinez,NA,https://www.transfermarkt.com/wuilker-farinez/profil/spieler/373714
Xesc Regis,1996,https://fbref.com/en/players/4b32b2be/Xesc-Regis,NA,https://www.transfermarkt.com/crespi/profil/spieler/391332
Yanis Lhery,2003,https://fbref.com/en/players/cc972842/Yanis-Lhery,NA,https://www.transfermarkt.com/yanis-lhery/profil/spieler/654414
Yann Kembo Diantela,2002,https://fbref.com/en/players/139cdcf9/Yann-Kembo-Diantela,NA,https://www.transfermarkt.com/yann-kembo/profil/spieler/620163
Yassin Fortune,1999,https://fbref.com/en/players/ddcc9e22/Yassin-Fortune,NA,https://www.transfermarkt.com/yassin-fortune/profil/spieler/342878
Yassine Bounou,1991,https://fbref.com/en/players/f6798fc3/Yassine-Bounou,NA,https://www.transfermarkt.com/bono/profil/spieler/207834
Yeni Ngbakoto,1992,https://fbref.com/en/players/813aae2f/Yeni-Ngbakoto,NA,https://www.transfermarkt.com/yeni-ngbakoto/profil/spieler/111053
Yıldırım Mert Çetin,1997,https://fbref.com/en/players/c730da00/Yildirim-Mert-Cetin,NA,https://www.transfermarkt.com/mert-cetin/profil/spieler/391498
Yoel,1988,https://fbref.com/en/players/61bb7498/Yoel,NA,https://www.transfermarkt.com/yoel-rodriguez/profil/spieler/58115
Yoel Ramírez,2002,https://fbref.com/en/players/bcd2dac9/Yoel-Ramirez,NA,https://www.transfermarkt.com/yoel-ramirez/profil/spieler/634116
Yoshinori Mutō,1992,https://fbref.com/en/players/5343eb4e/Yoshinori-Muto,NA,https://www.transfermarkt.com/yoshinori-muto/profil/spieler/230541
Youcef Attal,1996,https://fbref.com/en/players/6a827d8e/Youcef-Attal,NA,https://www.transfermarkt.com/youcef-atal/profil/spieler/416108
Yun Il-lok,1992,https://fbref.com/en/players/23bf644d/Yun-Il-lok,NA,https://www.transfermarkt.com/il-lok-yun/profil/spieler/131480
Yunus Mallı,1992,https://fbref.com/en/players/f3722c97/Yunus-Malli,NA,https://www.transfermarkt.com/yunus-malli/profil/spieler/85352
Yusuf Demir,2003,https://fbref.com/en/players/fa265f6d/Yusuf-Demir,NA,https://www.transfermarkt.com/yusuf-demir/profil/spieler/548031
Yusuf Yazıcı,1997,https://fbref.com/en/players/f5c8b425/Yusuf-Yazici,NA,https://www.transfermarkt.com/yusuf-yazici/profil/spieler/386726
Yvann Macon,1998,https://fbref.com/en/players/0bb6e193/Yvann-Macon,NA,https://www.transfermarkt.com/yvann-macon/profil/spieler/580747
Zdravko Kuzmanović,1987,https://fbref.com/en/players/6df0dc74/Zdravko-Kuzmanovic,NA,https://www.transfermarkt.com/zdravko-kuzmanovic/profil/spieler/25441
Zeki Çelik,1997,https://fbref.com/en/players/31a62dc7/Zeki-Celik,NA,https://www.transfermarkt.com/zeki-celik/profil/spieler/251075
Zhang Yuning,1997,https://fbref.com/en/players/9ef04882/Zhang-Yuning,NA,https://www.transfermarkt.com/yuning-zhang/profil/spieler/264429
Zlatan Ibrahimović,1981,https://fbref.com/en/players/4cde5509/Zlatan-Ibrahimovic,NA,https://www.transfermarkt.com/zlatan-ibrahimovic/profil/spieler/3455
Zlatko Junuzović,1987,https://fbref.com/en/players/dba67bc4/Zlatko-Junuzovic,NA,https://www.transfermarkt.com/zlatko-junuzovic/profil/spieler/31007