"Player","Born","Url","player_dob","player_url"
"Abdallah N'dour",1993,"https://fbref.com/en/players/4749367a/Abdallah-Ndour",NA,NA
"Adam Marušić",1992,"https://fbref.com/en/players/d4535821/Adam-Marusic",NA,NA
"Adam Zreľák",1994,"https://fbref.com/en/players/8c8b4a01/Adam-Zrelak",NA,NA
"Aday",1987,"https://fbref.com/en/players/5890cef1/Aday",NA,NA
"Adem Ljajić",1991,"https://fbref.com/en/players/2648e18f/Adem-Ljajic",NA,NA
"Adrian Bernabe",2001,"https://fbref.com/en/players/548672b4/Adrian-Bernabe",NA,NA
"Adrian Grbić",1996,"https://fbref.com/en/players/4a987ffa/Adrian-Grbic",NA,NA
"Adrian Šemper",1998,"https://fbref.com/en/players/f02dde20/Adrian-Semper",NA,NA
"Adrien Tameze",1994,"https://fbref.com/en/players/8da74c05/Adrien-Tameze",NA,NA
"Ahmed Hegazi",1991,"https://fbref.com/en/players/5540c9dc/Ahmed-Hegazi",NA,NA
"Ailton",1995,"https://fbref.com/en/players/74ced675/Ailton",NA,NA
"Alassane Pléa",1993,"https://fbref.com/en/players/bc6bd723/Alassane-Plea",NA,NA
"Alejandro Balde",2003,"https://fbref.com/en/players/5ccc9672/Alejandro-Balde",NA,NA
"Aleksa Terzić",1999,"https://fbref.com/en/players/3ef0a2d7/Aleksa-Terzic",NA,NA
"Aleksandar Dragović",1991,"https://fbref.com/en/players/6fd8a334/Aleksandar-Dragovic",NA,NA
"Aleksandar Jovanović",1992,"https://fbref.com/en/players/129dd8e7/Aleksandar-Jovanovic",NA,NA
"Aleksandar Mitrović",1994,"https://fbref.com/en/players/3925dbd6/Aleksandar-Mitrovic",NA,NA
"Aleksandar Radovanović",1993,"https://fbref.com/en/players/09507ffa/Aleksandar-Radovanovic",NA,NA
"Alen Halilović",1996,"https://fbref.com/en/players/a6b9bd00/Alen-Halilovic",NA,NA
"Aleš Matějů",1996,"https://fbref.com/en/players/deb748c9/Ales-Mateju",NA,NA
"Alessandro Burlamaqui",2002,"https://fbref.com/en/players/2ae026d4/Alessandro-Burlamaqui",NA,NA
"Alex",1999,"https://fbref.com/en/players/8c9e7571/Alex",NA,NA
"Álex Centelles",1997,"https://fbref.com/en/players/ae852b7d/Alex-Centelles",NA,NA
"Alexander",1988,"https://fbref.com/en/players/3e1858af/Alexander",NA,NA
"Alexander Kačaniklić",1991,"https://fbref.com/en/players/8ba3a754/Alexander-Kacaniklic",NA,NA
"Alexander Søderlund",1987,"https://fbref.com/en/players/e61d33f1/Alexander-Soderlund",NA,NA
"Alexander Sørloth",1995,"https://fbref.com/en/players/e92cd3f7/Alexander-Sorloth",NA,NA
"Alexandre Conceicao",1999,"https://fbref.com/en/players/eeeca247/Alexandre-Conceicao",NA,NA
"Alexandre Tegar",2000,"https://fbref.com/en/players/b832756a/Alexandre-Tegar",NA,NA
"Alexis",1985,"https://fbref.com/en/players/db0cd1ae/Alexis",NA,NA
"Alexis Alegue",1996,"https://fbref.com/en/players/0f4c0bad/Alexis-Alegue",NA,NA
"Alfon",1999,"https://fbref.com/en/players/1c772b46/Alfon",NA,NA
"Ali Adnan Kadhim",1993,"https://fbref.com/en/players/06050480/Ali-Adnan-Kadhim",NA,NA
"Ali Koiki",2000,"https://fbref.com/en/players/82726be5/Ali-Koiki",NA,NA
"Alin Toșca",1992,"https://fbref.com/en/players/322ba2df/Alin-Tosca",NA,NA
"Aly Mallé",1998,"https://fbref.com/en/players/c50db9b5/Aly-Malle",NA,NA
"Amadou Traore",2002,"https://fbref.com/en/players/4eb0686f/Amadou-Traore",NA,NA
"Amath",1996,"https://fbref.com/en/players/f3b1d9a2/Amath",NA,NA
"Amir Adouyev",1999,"https://fbref.com/en/players/e621fe01/Amir-Adouyev",NA,NA
"Amir Feratovič",2002,"https://fbref.com/en/players/652c00db/Amir-Feratovic",NA,NA
"Anderson Lima",1999,"https://fbref.com/en/players/59be3a74/Anderson-Lima",NA,NA
"Andreas Søndergaard",2001,"https://fbref.com/en/players/43f9b4ba/Andreas-Sondergaard",NA,NA
"Andrei Lupu",1998,"https://fbref.com/en/players/60035815/Andrei-Lupu",NA,NA
"Andrej Kramarić",1991,"https://fbref.com/en/players/603cb947/Andrej-Kramaric",NA,NA
"Andrey Lunyov",1991,"https://fbref.com/en/players/8a6ab963/Andrey-Lunyov",NA,NA
"Andrija Balić",1997,"https://fbref.com/en/players/9be4ee80/Andrija-Balic",NA,NA
"Andy Diouf",2002,"https://fbref.com/en/players/9b5237b1/Andy-Diouf",NA,NA
"Ángel",2002,"https://fbref.com/en/players/b1e5bbec/Angel",NA,NA
"Angelo da Costa Júnior",1983,"https://fbref.com/en/players/18736214/Angelo-da-Costa-Junior",NA,NA
"Ante Ćorić",1997,"https://fbref.com/en/players/2d3f7367/Ante-Coric",NA,NA
"Ante Rebić",1993,"https://fbref.com/en/players/536cebe5/Ante-Rebic",NA,NA
"Anthony Briançon",1994,"https://fbref.com/en/players/16324e1d/Anthony-Briancon",NA,NA
"Anthony Mandrea",1996,"https://fbref.com/en/players/f7d3a773/Anthony-Mandrea",NA,NA
"Anto Grgić",1996,"https://fbref.com/en/players/126cf855/Anto-Grgic",NA,NA
"Antonín Barák",1994,"https://fbref.com/en/players/01efac19/Antonin-Barak",NA,NA
"Antonio Cortés",2000,"https://fbref.com/en/players/31a1288d/Antonio-Cortes",NA,NA
"Antonio Mionić",2001,"https://fbref.com/en/players/0511d050/Antonio-Mionic",NA,NA
"Antonio Pacheco",2002,"https://fbref.com/en/players/fdbe95bc/Antonio-Pacheco",NA,NA
"Antonio Raillo",1991,"https://fbref.com/en/players/b857bd29/Antonio-Raillo",NA,NA
"Antonios Papadopoulos",1999,"https://fbref.com/en/players/13d23b29/Antonios-Papadopoulos",NA,NA
"Armand Lauriente",1998,"https://fbref.com/en/players/2d22cea7/Armand-Lauriente",NA,NA
"Arnau Comas",2000,"https://fbref.com/en/players/01d45441/Arnau-Comas",NA,NA
"Arnaut Groeneveld",1997,"https://fbref.com/en/players/f08490a6/Arnaut-Groeneveld",NA,NA
"Arnel Jakupović",1998,"https://fbref.com/en/players/61ecee0e/Arnel-Jakupovic",NA,NA
"Arnór Sigurðsson",1999,"https://fbref.com/en/players/f209b81e/Arnor-Sigurdsson",NA,NA
"Arthur Melo",1996,"https://fbref.com/en/players/48b3dd60/Arthur-Melo",NA,NA
"Artjoms Rudņevs",1988,"https://fbref.com/en/players/6398cd4e/Artjoms-Rudnevs",NA,NA
"Artur Ioniță",1990,"https://fbref.com/en/players/cedb3e36/Artur-Ionita",NA,NA
"Asmir Begović",1987,"https://fbref.com/en/players/7b4de647/Asmir-Begovic",NA,NA
"Axel Camblan",2003,"https://fbref.com/en/players/9f4a940f/Axel-Camblan",NA,NA
"Baba Rahman",1994,"https://fbref.com/en/players/e4086af3/Baba-Rahman",NA,NA
"Babacar Guèye",1994,"https://fbref.com/en/players/4942dad3/Babacar-Gueye",NA,NA
"Bamo Meïté",2001,"https://fbref.com/en/players/04ac78d2/Bamo-Meite",NA,NA
"Banhie Zoukrou",2003,"https://fbref.com/en/players/aefa3050/Banhie-Zoukrou",NA,NA
"Bartłomiej Drągowski",1997,"https://fbref.com/en/players/085e71a7/Bartlomiej-Dragowski",NA,NA
"Bartosz Bereszyński",1992,"https://fbref.com/en/players/61b3978f/Bartosz-Bereszynski",NA,NA
"Ben Bobzien",2003,"https://fbref.com/en/players/4f380a04/Ben-Bobzien",NA,NA
"Benjamin Hadžić",1999,"https://fbref.com/en/players/f765bb88/Benjamin-Hadzic",NA,NA
"Blerim Džemaili",1986,"https://fbref.com/en/players/756959aa/Blerim-Dzemaili",NA,NA
"Bobby Thomas",NA,"https://fbref.com/en/players/6a471ee8/Bobby-Thomas",NA,NA
"Bogdan Lobonț",1978,"https://fbref.com/en/players/ee5fc087/Bogdan-Lobont",NA,NA
"Bojan Krkić",1990,"https://fbref.com/en/players/9fa0a0b8/Bojan-Krkic",NA,NA
"Bradley Locko",2002,"https://fbref.com/en/players/6bf7cabe/Bradley-Locko",NA,NA
"Brandon",1995,"https://fbref.com/en/players/3e016e5a/Brandon",NA,NA
"Brandon Domingues",2000,"https://fbref.com/en/players/2a00c6c0/Brandon-Domingues",NA,NA
"Branislav Ivanović",1984,"https://fbref.com/en/players/85f8571a/Branislav-Ivanovic",NA,NA
"Bruno",1998,"https://fbref.com/en/players/e51336b7/Bruno",NA,NA
"Bruno Petković",1994,"https://fbref.com/en/players/24228180/Bruno-Petkovic",NA,NA
"Bryan",2001,"https://fbref.com/en/players/7b5ab7f2/Bryan",NA,NA
"Bryan Djile Nokoué",2002,"https://fbref.com/en/players/75186a6a/Bryan-Djile-Nokoue",NA,NA
"Burak Yılmaz",1985,"https://fbref.com/en/players/165a2e40/Burak-Yilmaz",NA,NA
"Carlo",2001,"https://fbref.com/en/players/8249ff06/Carlo",NA,NA
"Carmona",2002,"https://fbref.com/en/players/2dce876a/Carmona",NA,NA
"Carney Chukwuemeka",2004,"https://fbref.com/en/players/b2f9c73e/Carney-Chukwuemeka",NA,NA
"Cauly Oliveira Souza",1995,"https://fbref.com/en/players/2b53f7a5/Cauly-Oliveira-Souza",NA,NA
"Ćazim Suljić",1996,"https://fbref.com/en/players/b8c23930/Cazim-Suljic",NA,NA
"Cédric Yamberé",1990,"https://fbref.com/en/players/1c344204/Cedric-Yambere",NA,NA
"César",2001,"https://fbref.com/en/players/d88d2aed/Cesar",NA,NA
"Chapela",1999,"https://fbref.com/en/players/9ed40a69/Chapela",NA,NA
"Charles Traore",1992,"https://fbref.com/en/players/de488e56/Charles-Traore",NA,NA
"Chechu",1982,"https://fbref.com/en/players/e98f3a6a/Chechu",NA,NA
"Cheikh Kané Sarr",2000,"https://fbref.com/en/players/4dc1cd2c/Cheikh-Kane-Sarr",NA,NA
"Cheon Seonghoon",2000,"https://fbref.com/en/players/f1333503/Cheon-Seonghoon",NA,NA
"Chinchu",2002,"https://fbref.com/en/players/f2ad9da9/Chinchu",NA,NA
"Christian Nørgaard",1994,"https://fbref.com/en/players/df0a4c90/Christian-Norgaard",NA,NA
"Christian Rutjens",NA,"https://fbref.com/en/players//Christian-Rutjens",NA,NA
"Christopher Martins",1997,"https://fbref.com/en/players/0e96a5e1/Christopher-Martins",NA,NA
"Churripi",1994,"https://fbref.com/en/players/81a606fc/Churripi",NA,NA
"Cifu",1990,"https://fbref.com/en/players/90f83973/Cifu",NA,NA
"Ciprian Tătărușanu",1986,"https://fbref.com/en/players/b056e3da/Ciprian-Tatarusanu",NA,NA
"Cristian",1998,"https://fbref.com/en/players/9ad74b4d/Cristian",NA,NA
"Cucho",1999,"https://fbref.com/en/players/71b47ab9/Cucho",NA,NA
"Dalbert Henrique",1993,"https://fbref.com/en/players/f45f9427/Dalbert-Henrique",NA,NA
"Damian Kądzior",1992,"https://fbref.com/en/players/bb6c6331/Damian-Kadzior",NA,NA
"Dan Nlundulu",1999,"https://fbref.com/en/players/30040f5d/Dan-Nlundulu",NA,NA
"Daniel Molina Orta",1996,"https://fbref.com/en/players/102fda08/Daniel-Molina-Orta",NA,NA
"Daniel Pavlović",1988,"https://fbref.com/en/players/47146acb/Daniel-Pavlovic",NA,NA
"Danijel Milićević",1986,"https://fbref.com/en/players/1251f42e/Danijel-Milicevic",NA,NA
"Danijel Petković",1993,"https://fbref.com/en/players/b98cea65/Danijel-Petkovic",NA,NA
"Danijel Subašić",1984,"https://fbref.com/en/players/f6db3bd5/Danijel-Subasic",NA,NA
"Danilo Larangeira",1984,"https://fbref.com/en/players/fed5f993/Danilo-Larangeira",NA,NA
"Darko Brašanac",1992,"https://fbref.com/en/players/4accb7e0/Darko-Brasanac",NA,NA
"Darko Lazović",1990,"https://fbref.com/en/players/5128bde4/Darko-Lazovic",NA,NA
"Dejan Dražić",1995,"https://fbref.com/en/players/e9457fb9/Dejan-Drazic",NA,NA
"Dejan Joveljić",1999,"https://fbref.com/en/players/95a24690/Dejan-Joveljic",NA,NA
"Dejan Vokič",1996,"https://fbref.com/en/players/6c145d64/Dejan-Vokic",NA,NA
"Denis Drăguș",1999,"https://fbref.com/en/players/0e490f6e/Denis-Dragus",NA,NA
"Denis Petrić",1988,"https://fbref.com/en/players/dab1b8dc/Denis-Petric",NA,NA
"Dennis Cirken",2002,"https://fbref.com/en/players/307ea3b6/Dennis-Cirken",NA,NA
"Dennis Eckert",1997,"https://fbref.com/en/players/7f8fb807/Dennis-Eckert",NA,NA
"Derek Mazou-Sacko",2004,"https://fbref.com/en/players/810edef9/Derek-Mazou-Sacko",NA,NA
"Diego Noguerol",2002,"https://fbref.com/en/players/c487901c/Diego-Noguerol",NA,NA
"Dion Moise Sahi",2001,"https://fbref.com/en/players/cdc4458b/Dion-Moise-Sahi",NA,NA
"Dodi Lukebakio",1997,"https://fbref.com/en/players/0c61c77c/Dodi-Lukebakio",NA,NA
"Domagoj Bradarić",1999,"https://fbref.com/en/players/8bbe2df5/Domagoj-Bradaric",NA,NA
"Dominic Schmidt",2001,"https://fbref.com/en/players/49aba599/Dominic-Schmidt",NA,NA
"Dragan Rosić",1996,"https://fbref.com/en/players/b614c059/Dragan-Rosic",NA,NA
"Duje Ćaleta-Car",1996,"https://fbref.com/en/players/94f8d10c/Duje-Caleta-Car",NA,NA
"Duje Čop",1990,"https://fbref.com/en/players/8b0b02c9/Duje-Cop",NA,NA
"Dušan Tadić",1988,"https://fbref.com/en/players/2475dcc6/Dusan-Tadic",NA,NA
"Dušan Vlahović",2000,"https://fbref.com/en/players/79443529/Dusan-Vlahovic",NA,NA
"Dwight Gayle",1990,"https://fbref.com/en/players/e58a03c6/Dwight-Gayle",NA,NA
"Dženis Burnić",1998,"https://fbref.com/en/players/0dabaf14/Dzenis-Burnic",NA,NA
"Echu",1998,"https://fbref.com/en/players/ac7ff117/Echu",NA,NA
"Edin Džeko",1986,"https://fbref.com/en/players/3bb7f478/Edin-Dzeko",NA,NA
"Edmilson Indjai",2000,"https://fbref.com/en/players/bc50c437/Edmilson-Indjai",NA,NA
"Eduardo Carvalho",1982,"https://fbref.com/en/players/81b906e7/Eduardo-Carvalho",NA,NA
"Eduardo Dos Santos Haesler",1999,"https://fbref.com/en/players/1b9a46d1/Eduardo-Dos-Santos-Haesler",NA,NA
"Eduardo Frías Molleda",1998,"https://fbref.com/en/players/0dce7191/Eduardo-Frias-Molleda",NA,NA
"Eldin Jakupović",1984,"https://fbref.com/en/players/1148323a/Eldin-Jakupovic",NA,NA
"Eliseo Falcon",1997,"https://fbref.com/en/players/904cd50d/Eliseo-Falcon",NA,NA
"Elvis Rexhbeçaj",1997,"https://fbref.com/en/players/1ae836b1/Elvis-Rexhbecaj",NA,NA
"Emerson",1999,"https://fbref.com/en/players/df8b52a5/Emerson",NA,NA
"Emerson Palmieri",1994,"https://fbref.com/en/players/e0bc6fdc/Emerson-Palmieri",NA,NA
"Emile Smith-Rowe",2000,"https://fbref.com/en/players/17695062/Emile-Smith-Rowe",NA,NA
"Emmanuel Agyemang-Badu",1990,"https://fbref.com/en/players/fe0b8f0e/Emmanuel-Agyemang-Badu",NA,NA
"Emmanuel Torres",1992,"https://fbref.com/en/players/e774f02a/Emmanuel-Torres",NA,NA
"Emre Çolak",1991,"https://fbref.com/en/players/643b39a6/Emre-Colak",NA,NA
"Eñaut Mendía",1999,"https://fbref.com/en/players/aa7da569/Enaut-Mendia",NA,NA
"Enzo Fernández",1995,"https://fbref.com/en/players/4cafb146/Enzo-Fernandez",NA,NA
"Eren Dinkçi",2001,"https://fbref.com/en/players/4ccd8957/Eren-Dinkci",NA,NA
"Erhan Mašović",1998,"https://fbref.com/en/players/a396fb61/Erhan-Masovic",NA,NA
"Ermedin Demirović",1998,"https://fbref.com/en/players/ed79b7d3/Ermedin-Demirovic",NA,NA
"Ermin Bičakčić",1990,"https://fbref.com/en/players/7aac47fe/Ermin-Bicakcic",NA,NA
"Ervin Zukanović",1987,"https://fbref.com/en/players/1253a12e/Ervin-Zukanovic",NA,NA
"Espeto",1997,"https://fbref.com/en/players/674cfc5a/Espeto",NA,NA
"Etxebarría",1996,"https://fbref.com/en/players/5c56ca54/Etxebarria",NA,NA
"Eugeni Valderrama",1994,"https://fbref.com/en/players/a75b4071/Eugeni-Valderrama",NA,NA
"Euse",2000,"https://fbref.com/en/players/4aab1808/Euse",NA,NA
"Ewandro",1996,"https://fbref.com/en/players/ab11c58a/Ewandro",NA,NA
"Fabián Ruiz Peña",1996,"https://fbref.com/en/players/c0c7ff58/Fabian-Ruiz-Pena",NA,NA
"Fabian Rüth",2001,"https://fbref.com/en/players/3f2541c0/Fabian-Ruth",NA,NA
"Fabricio",1987,"https://fbref.com/en/players/af245161/Fabricio",NA,NA
"Fahad Al Muwallad",1994,"https://fbref.com/en/players/23f32ea1/Fahad-Al-Muwallad",NA,NA
"Fahad Al-Muwallad",1996,"https://fbref.com/en/players/81d0eeac/Fahad-Al-Muwallad",NA,NA
"Federico Palacios Martínez",1995,"https://fbref.com/en/players/434cf5b7/Federico-Palacios-Martinez",NA,NA
"Felipe dal Belo",1984,"https://fbref.com/en/players/8cea6319/Felipe-dal-Belo",NA,NA
"Fernando",1987,"https://fbref.com/en/players/41f32541/Fernando",NA,NA
"Filip Benković",1997,"https://fbref.com/en/players/305a3820/Filip-Benkovic",NA,NA
"Filip Bradarić",1992,"https://fbref.com/en/players/605873e1/Filip-Bradaric",NA,NA
"Filip Đorđević",1987,"https://fbref.com/en/players/dfb933e0/Filip-Djordjevic",NA,NA
"Filip Đuričić",1992,"https://fbref.com/en/players/eccbe56a/Filip-Djuricic",NA,NA
"Filip Jagiełło",1997,"https://fbref.com/en/players/4cdcbc14/Filip-Jagiello",NA,NA
"Filip Kostić",1992,"https://fbref.com/en/players/b1cd37e6/Filip-Kostic",NA,NA
"Filip Krovinović",1995,"https://fbref.com/en/players/c2dfedeb/Filip-Krovinovic",NA,NA
"Filip Kusić",1996,"https://fbref.com/en/players/de1a2530/Filip-Kusic",NA,NA
"Filip Malbašić",1992,"https://fbref.com/en/players/04981123/Filip-Malbasic",NA,NA
"Filip Manojlović",1996,"https://fbref.com/en/players/8d2e1890/Filip-Manojlovic",NA,NA
"Filip Vaško",1999,"https://fbref.com/en/players/8ffe9134/Filip-Vasko",NA,NA
"Florentino Luís",1999,"https://fbref.com/en/players/881cd6be/Florentino-Luis",NA,NA
"Fran Álvarez",1998,"https://fbref.com/en/players/f0101a48/Fran-Alvarez",NA,NA
"Franchu Feuillassier",1998,"https://fbref.com/en/players/615667bb/Franchu-Feuillassier",NA,NA
"Francisco Garcia",1999,"https://fbref.com/en/players/7226539b/Francisco-Garcia",NA,NA
"Francisco Reis Ferreira",1997,"https://fbref.com/en/players/4b3c863f/Francisco-Reis-Ferreira",NA,NA
"Frederik Ibsen",1999,"https://fbref.com/en/players/95827107/Frederik-Ibsen",NA,NA
"Frederik Rønnow",1992,"https://fbref.com/en/players/a70b8345/Frederik-Ronnow",NA,NA
"Frederik Sørensen",1992,"https://fbref.com/en/players/68635c10/Frederik-Sorensen",NA,NA
"Gabri",1996,"https://fbref.com/en/players/ff422f76/Gabri",NA,NA
"Gabriel Dos Santos",1997,"https://fbref.com/en/players/67ac5bb8/Gabriel-Dos-Santos",NA,NA
"Gaizka Campos Bahillo",1997,"https://fbref.com/en/players/54a9bc73/Gaizka-Campos-Bahillo",NA,NA
"Gavi Paez",2004,"https://fbref.com/en/players/19cae58d/Gavi-Paez",NA,NA
"George Pușcaș",1996,"https://fbref.com/en/players/c23c8e0d/George-Puscas",NA,NA
"Geovanni",2001,"https://fbref.com/en/players/e66e73b1/Geovanni",NA,NA
"Gil-Linnart Walther",2003,"https://fbref.com/en/players/9cd6a9f9/Gil-Linnart-Walther",NA,NA
"Giorgos Kiriakopoulos",1996,"https://fbref.com/en/players/0a483542/Giorgos-Kiriakopoulos",NA,NA
"Giovanni",1999,"https://fbref.com/en/players/3a1703eb/Giovanni",NA,NA
"Giuliano Simeone",2002,"https://fbref.com/en/players/a6536561/Giuliano-Simeone",NA,NA
"Gojko Kačar",1987,"https://fbref.com/en/players/cc58c4ea/Gojko-Kacar",NA,NA
"Göktan Gürpüz",2003,"https://fbref.com/en/players/199f7008/Goktan-Gurpuz",NA,NA
"Gonzalo",1997,"https://fbref.com/en/players/cca05da8/Gonzalo",NA,NA
"Gori",2002,"https://fbref.com/en/players/f3451c66/Gori",NA,NA
"Gustavo Assuncao",2000,"https://fbref.com/en/players/065c8786/Gustavo-Assuncao",NA,NA
"Guy Ngosso",1985,"https://fbref.com/en/players/34cfec6b/Guy-Ngosso",NA,NA
"Gylfi Sigurðsson",1989,"https://fbref.com/en/players/76dd1480/Gylfi-Sigurdsson",NA,NA
"Habib Keita",2002,"https://fbref.com/en/players/cc588cbe/Habib-Keita",NA,NA
"Hakan Çalhanoğlu",1994,"https://fbref.com/en/players/cd0fa27b/Hakan-Calhanoglu",NA,NA
"Halil Dervişoğlu",1999,"https://fbref.com/en/players/9d8cf204/Halil-Dervisoglu",NA,NA
"Han Kwang-song",1998,"https://fbref.com/en/players/87243064/Han-Kwang-song",NA,NA
"Haris Duljević",1993,"https://fbref.com/en/players/9b6556d2/Haris-Duljevic",NA,NA
"Harvey Elliot",2003,"https://fbref.com/en/players/c8387671/Harvey-Elliot",NA,NA
"Hernán",1990,"https://fbref.com/en/players/8c83efb6/Hernan",NA,NA
"Hernâni Fortes",1991,"https://fbref.com/en/players/2327c29e/Hernani-Fortes",NA,NA
"Hrvoje Milić",1989,"https://fbref.com/en/players/1b625237/Hrvoje-Milic",NA,NA
"Hugo Hagege",1999,"https://fbref.com/en/players/d00fe9a3/Hugo-Hagege",NA,NA
"Hugo Perez",2002,"https://fbref.com/en/players/7cfbe2c9/Hugo-Perez",NA,NA
"Hwang Hee-chan",1996,"https://fbref.com/en/players/169fd162/Hwang-Hee-chan",NA,NA
"Hwang Ui-jo",1992,"https://fbref.com/en/players/a2d873dd/Hwang-Ui-jo",NA,NA
"Ían Pino",1996,"https://fbref.com/en/players/40585058/Ian-Pino",NA,NA
"Ignacio Pastor",2003,"https://fbref.com/en/players/e8000733/Ignacio-Pastor",NA,NA
"Ignasi Vilarrasa",1997,"https://fbref.com/en/players/b261ed19/Ignasi-Vilarrasa",NA,NA
"Igor Carioca",1996,"https://fbref.com/en/players/e3e32fbb/Igor-Carioca",NA,NA
"Iker Recio",2001,"https://fbref.com/en/players/84b7090a/Iker-Recio",NA,NA
"Ilaix",2003,"https://fbref.com/en/players/f4c69aa6/Ilaix",NA,NA
"İlkay Gündoğan",1990,"https://fbref.com/en/players/819b3158/Ilkay-Gundogan",NA,NA
"Iñaki",1997,"https://fbref.com/en/players/036336ce/Inaki",NA,NA
"Iron Gomis",1999,"https://fbref.com/en/players/1d50130f/Iron-Gomis",NA,NA
"Isaac Carcelen",1993,"https://fbref.com/en/players/c4b888df/Isaac-Carcelen",NA,NA
"Isaac Palazón Camacho",1994,"https://fbref.com/en/players/49dbab27/Isaac-Palazon-Camacho",NA,NA
"Isaias Del Pupo",2001,"https://fbref.com/en/players/a42aebea/Isaias-Del-Pupo",NA,NA
"Ismael",2000,"https://fbref.com/en/players/19cdceb0/Ismael",NA,NA
"Ismaël Diomandé",1992,"https://fbref.com/en/players/10650926/Ismael-Diomande",NA,NA
"İsmail Köybaşı",1989,"https://fbref.com/en/players/58640e66/Ismail-Koybasi",NA,NA
"Issah Abbas",1998,"https://fbref.com/en/players/2590ddf7/Issah-Abbas",NA,NA
"Ivan Ilić",2001,"https://fbref.com/en/players/bb376bed/Ivan-Ilic",NA,NA
"Ivan Lakićević",1993,"https://fbref.com/en/players/47508c51/Ivan-Lakicevic",NA,NA
"Ivan Perišić",1989,"https://fbref.com/en/players/6fe90922/Ivan-Perisic",NA,NA
"Ivan Radovanović",1988,"https://fbref.com/en/players/023937a9/Ivan-Radovanovic",NA,NA
"Ivan Rakitić",1988,"https://fbref.com/en/players/89f951b5/Ivan-Rakitic",NA,NA
"Ivan Šaponjić",1997,"https://fbref.com/en/players/d2aea9ac/Ivan-Saponjic",NA,NA
"Ivan Strinić",1987,"https://fbref.com/en/players/52e2ef8f/Ivan-Strinic",NA,NA
"Ivan Vargić",1987,"https://fbref.com/en/players/4d64b28e/Ivan-Vargic",NA,NA
"Ivi",1994,"https://fbref.com/en/players/d2fa73e7/Ivi",NA,NA
"Ivo Grbić",1996,"https://fbref.com/en/players/3f034750/Ivo-Grbic",NA,NA
"Ivo Iličević",1986,"https://fbref.com/en/players/4e3e4138/Ivo-Ilicevic",NA,NA
"Izet Hajrović",1991,"https://fbref.com/en/players/55537f53/Izet-Hajrovic",NA,NA
"Jacobo",1997,"https://fbref.com/en/players/09e81276/Jacobo",NA,NA
"Jaden Philogene Bidace",2002,"https://fbref.com/en/players/19f4d211/Jaden-Philogene-Bidace",NA,NA
"Jagoš Vuković",1988,"https://fbref.com/en/players/ba06950a/Jagos-Vukovic",NA,NA
"Jaime Sierra Mateos",1998,"https://fbref.com/en/players/aaa4239e/Jaime-Sierra-Mateos",NA,NA
"Jakob Sørensen",1998,"https://fbref.com/en/players/953c30b0/Jakob-Sorensen",NA,NA
"Jakub Błaszczykowski",1985,"https://fbref.com/en/players/2b350e6b/Jakub-Blaszczykowski",NA,NA
"Jaroslav Drobný",1979,"https://fbref.com/en/players/e4a30d8c/Jaroslav-Drobny",NA,NA
"Jaroslav Plašil",1982,"https://fbref.com/en/players/516dc25b/Jaroslav-Plasil",NA,NA
"Jasmin Kurtić",1989,"https://fbref.com/en/players/144607cc/Jasmin-Kurtic",NA,NA
"Javi",1998,"https://fbref.com/en/players/9a76c2e9/Javi",NA,NA
"Javier Hernández",1988,"https://fbref.com/en/players/189cee7b/Javier-Hernandez",NA,NA
"Javier Serrano",2003,"https://fbref.com/en/players/0a8fd9cb/Javier-Serrano",NA,NA
"Javito Lopez",NA,"https://fbref.com/en/players/7518f912/Javito-Lopez",NA,NA
"Jay Rodriguez",1989,"https://fbref.com/en/players/4ab53cdb/Jay-Rodriguez",NA,NA
"Jean-Daniel Akpa-Akpro",1992,"https://fbref.com/en/players/fdf4b948/Jean-Daniel-Akpa-Akpro",NA,NA
"Jens Jønsson",1993,"https://fbref.com/en/players/53520a67/Jens-Jonsson",NA,NA
"Jeong Woo-yeong",1999,"https://fbref.com/en/players/6190474d/Jeong-Woo-yeong",NA,NA
"Jérémie Porsan-Clémenté",1997,"https://fbref.com/en/players/fa27b5a0/Jeremie-Porsan-Clemente",NA,NA
"Jerome Onguene",1997,"https://fbref.com/en/players/e81f0356/Jerome-Onguene",NA,NA
"Jesper Lindstrøm",2000,"https://fbref.com/en/players/37dc1a48/Jesper-Lindstrom",NA,NA
"Jessy Bénet",1995,"https://fbref.com/en/players/6278e149/Jessy-Benet",NA,NA
"Jesuran Rak Sakyi",2002,"https://fbref.com/en/players/45685411/Jesuran-Rak-Sakyi",NA,NA
"Jesus Vazquez",2003,"https://fbref.com/en/players/106c142c/Jesus-Vazquez",NA,NA
"Ji Dong-won",1991,"https://fbref.com/en/players/7d841904/Ji-Dong-won",NA,NA
"Jime",1999,"https://fbref.com/en/players/227c27df/Jime",NA,NA
"Jiří Skalák",1992,"https://fbref.com/en/players/beaec218/Jiri-Skalak",NA,NA
"Joakim Mæhle",1997,"https://fbref.com/en/players/c459a650/Joakim-Maehle",NA,NA
"Joan Sastre Vanrell",1997,"https://fbref.com/en/players/f9acf8bf/Joan-Sastre-Vanrell",NA,NA
"João Victor Santos Sá",1994,"https://fbref.com/en/players/1a1033a1/Joao-Victor-Santos-Sa",NA,NA
"Jóhann Berg Guðmundsson",1990,"https://fbref.com/en/players/f72293fc/Johann-Berg-Gudmundsson",NA,NA
"John Donald",2000,"https://fbref.com/en/players/5e95c000/John-Donald",NA,NA
"John Joe",2003,"https://fbref.com/en/players/fd01216a/John-Joe",NA,NA
"Jon Gorenc Stanković",1996,"https://fbref.com/en/players/9c74fa25/Jon-Gorenc-Stankovic",NA,NA
"Jonathan Cafu",1991,"https://fbref.com/en/players/8d043f1d/Jonathan-Cafu",NA,NA
"Jonathan Ikone",1998,"https://fbref.com/en/players/42eaa028/Jonathan-Ikone",NA,NA
"Jonny Castro",1994,"https://fbref.com/en/players/e28868f3/Jonny-Castro",NA,NA
"Jordan Nkololo",1992,"https://fbref.com/en/players/bf354e77/Jordan-Nkololo",NA,NA
"Jordan Pefok",1996,"https://fbref.com/en/players/b684a484/Jordan-Pefok",NA,NA
"Jorge Orgaz",1996,"https://fbref.com/en/players/1f2231a3/Jorge-Orgaz",NA,NA
"José Ángel",1989,"https://fbref.com/en/players/3024e383/Jose-Angel",NA,NA
"José Antonio Martínez Gil",1993,"https://fbref.com/en/players/8e049cbd/Jose-Antonio-Martinez-Gil",NA,NA
"José Arnaiz",1995,"https://fbref.com/en/players/46e07328/Jose-Arnaiz",NA,NA
"Jose Aurelio Suarez",1995,"https://fbref.com/en/players/968afa35/Jose-Aurelio-Suarez",NA,NA
"José Cabrera",2001,"https://fbref.com/en/players/13b618ce/Jose-Cabrera",NA,NA
"José Carlos",1998,"https://fbref.com/en/players/766d9c80/Jose-Carlos",NA,NA
"José Holebas",1984,"https://fbref.com/en/players/12aa7661/Jose-Holebas",NA,NA
"José Luis García Vayá",1998,"https://fbref.com/en/players/27dc1378/Jose-Luis-Garcia-Vaya",NA,NA
"José Manuel",NA,"https://fbref.com/en/players//Jose-Manuel",NA,NA
"José Menargues",2002,"https://fbref.com/en/players/f601ba27/Jose-Menargues",NA,NA
"Joseba Zaldúa",1992,"https://fbref.com/en/players/5ca20b7a/Joseba-Zaldua",NA,NA
"Josep Antoni Gayá",2000,"https://fbref.com/en/players/4a5f2032/Josep-Antoni-Gaya",NA,NA
"Josep Martinez",1998,"https://fbref.com/en/players/11d8aff0/Josep-Martinez",NA,NA
"Josip Drmić",1992,"https://fbref.com/en/players/15ea94de/Josip-Drmic",NA,NA
"Josip Iličić",1988,"https://fbref.com/en/players/68252d6d/Josip-Ilicic",NA,NA
"Josip Stanišić",2000,"https://fbref.com/en/players/7ed08d5c/Josip-Stanisic",NA,NA
"Jota",1991,"https://fbref.com/en/players/9f351459/Jota",NA,NA
"Jozabed",1991,"https://fbref.com/en/players/9b337c7c/Jozabed",NA,NA
"Jozo Stanić",1999,"https://fbref.com/en/players/597ff9d3/Jozo-Stanic",NA,NA
"Juan Brandáriz",1999,"https://fbref.com/en/players/2475cf9b/Juan-Brandariz",NA,NA
"Juan Carlos",1991,"https://fbref.com/en/players/82803509/Juan-Carlos",NA,NA
"Juan Cruz Armada",1992,"https://fbref.com/en/players/a56da3ba/Juan-Cruz-Armada",NA,NA
"Juanlu",2003,"https://fbref.com/en/players/cc6de655/Juanlu",NA,NA
"Juanpi",1994,"https://fbref.com/en/players/d79afcfc/Juanpi",NA,NA
"Julen Agirrezabala",2000,"https://fbref.com/en/players/a2c1a8d3/Julen-Agirrezabala",NA,NA
"Julian Schieber",1989,"https://fbref.com/en/players/37c213cf/Julian-Schieber",NA,NA
"Júlio Tavares",1988,"https://fbref.com/en/players/d520120b/Julio-Tavares",NA,NA
"Justin Hoffmans",1997,"https://fbref.com/en/players/77e6262b/Justin-Hoffmans",NA,NA
"Justin Smith",2003,"https://fbref.com/en/players/a496d4a2/Justin-Smith",NA,NA
"Kaine Hayden",2002,"https://fbref.com/en/players/486b08b3/Kaine-Hayden",NA,NA
"Kaine Kessler",2003,"https://fbref.com/en/players/9b066938/Kaine-Kessler",NA,NA
"Kaito Mizuta",2000,"https://fbref.com/en/players/157c807c/Kaito-Mizuta",NA,NA
"Kara Mbodji",1989,"https://fbref.com/en/players/8325870c/Kara-Mbodji",NA,NA
"Karlo Butić",1998,"https://fbref.com/en/players/165f9fbf/Karlo-Butic",NA,NA
"Karolis Uzėla",2000,"https://fbref.com/en/players/8dffb269/Karolis-Uzela",NA,NA
"Kasim Nuhu",1995,"https://fbref.com/en/players/93a50d2c/Kasim-Nuhu",NA,NA
"Kayne Ramsey",2000,"https://fbref.com/en/players/dc31b84c/Kayne-Ramsey",NA,NA
"Kays Ruiz",2002,"https://fbref.com/en/players/90a9cc01/Kays-Ruiz",NA,NA
"Keko",1991,"https://fbref.com/en/players/1512328c/Keko",NA,NA
"Khéphren Thuram-Ulie",2001,"https://fbref.com/en/players/7d9397f8/Khephren-Thuram-Ulie",NA,NA
"Ki Sung-yueng",1989,"https://fbref.com/en/players/1d8c99b0/Ki-Sung-yueng",NA,NA
"Kiernan Dewsbury Hall",1998,"https://fbref.com/en/players/5c74c0f5/Kiernan-Dewsbury-Hall",NA,NA
"Kike",1989,"https://fbref.com/en/players/e897d8ba/Kike",NA,NA
"Kike",1998,"https://fbref.com/en/players/b2aa30ce/Kike",NA,NA
"Kike Hermoso",1999,"https://fbref.com/en/players/dea912dc/Kike-Hermoso",NA,NA
"Kolbeinn Sigþórsson",1990,"https://fbref.com/en/players/adf825b9/Kolbeinn-Sigthorsson",NA,NA
"Koo Ja-cheol",1989,"https://fbref.com/en/players/3c05e082/Koo-Ja-cheol",NA,NA
"Krzysztof Piątek",1995,"https://fbref.com/en/players/17f3620a/Krzysztof-Piatek",NA,NA
"Kuki",1998,"https://fbref.com/en/players/2b6dc4d7/Kuki",NA,NA
"Kwon Chang-hoon",1994,"https://fbref.com/en/players/7961f7aa/Kwon-Chang-hoon",NA,NA
"Lacina Traoré",1990,"https://fbref.com/en/players/883f251e/Lacina-Traore",NA,NA
"Ladislav Krejčí",1992,"https://fbref.com/en/players/58027adc/Ladislav-Krejci",NA,NA
"Lago Junior",1990,"https://fbref.com/en/players/360d70f8/Lago-Junior",NA,NA
"Larra",1997,"https://fbref.com/en/players/0d690336/Larra",NA,NA
"Lasse Sørensen",1999,"https://fbref.com/en/players/ce9c203e/Lasse-Sorensen",NA,NA
"Lauti",2001,"https://fbref.com/en/players/f934c5c9/Lauti",NA,NA
"Lazar Marković",1994,"https://fbref.com/en/players/723ba189/Lazar-Markovic",NA,NA
"Lazar Nikolić",1999,"https://fbref.com/en/players/f9c8dcf2/Lazar-Nikolic",NA,NA
"Leandro Barreiro Martins",2000,"https://fbref.com/en/players/00242b75/Leandro-Barreiro-Martins",NA,NA
"Lee Chung-yong",1988,"https://fbref.com/en/players/49b05a83/Lee-Chung-yong",NA,NA
"Lee Jae-sung",1992,"https://fbref.com/en/players/34b0387f/Lee-Jae-sung",NA,NA
"Lee Kangin",2001,"https://fbref.com/en/players/8455ad90/Lee-Kangin",NA,NA
"Lee Seung-woo",1998,"https://fbref.com/en/players/0f22b650/Lee-Seung-woo",NA,NA
"Leif Davis",2000,"https://fbref.com/en/players/8574c61f/Leif-Davis",NA,NA
"Leo Štulac",1994,"https://fbref.com/en/players/92948398/Leo-Stulac",NA,NA
"Levin Öztunalı",1996,"https://fbref.com/en/players/66385c46/Levin-Oztunali",NA,NA
"Lillo",1989,"https://fbref.com/en/players/476ca810/Lillo",NA,NA
"Loïc Bade",2000,"https://fbref.com/en/players/114bbdee/Loic-Bade",NA,NA
"Lorenco Šimić",1996,"https://fbref.com/en/players/65e4dede/Lorenco-Simic",NA,NA
"Lovre Kalinić",1990,"https://fbref.com/en/players/3a74f92b/Lovre-Kalinic",NA,NA
"Luan Peres Petroni",1994,"https://fbref.com/en/players/a5549ec1/Luan-Peres-Petroni",NA,NA
"Lucas Buadés",1997,"https://fbref.com/en/players/f9921b7f/Lucas-Buades",NA,NA
"Lucas Cañizars",2002,"https://fbref.com/en/players/7e84906e/Lucas-Canizars",NA,NA
"Lucas Douath",2003,"https://fbref.com/en/players/3cd7820a/Lucas-Douath",NA,NA
"Luis Alberto García Pacheco",1998,"https://fbref.com/en/players/5e9d0e32/Luis-Alberto-Garcia-Pacheco",NA,NA
"Luka Jović",1997,"https://fbref.com/en/players/4d8cd038/Luka-Jovic",NA,NA
"Luka Marković",2000,"https://fbref.com/en/players/c76c6709/Luka-Markovic",NA,NA
"Luka Milivojević",1991,"https://fbref.com/en/players/2ce2508a/Luka-Milivojevic",NA,NA
"Luka Modrić",1985,"https://fbref.com/en/players/6025fab1/Luka-Modric",NA,NA
"Lukáš Haraslín",1996,"https://fbref.com/en/players/5c397195/Lukas-Haraslin",NA,NA
"Lukáš Hrádecký",1989,"https://fbref.com/en/players/ad3389d5/Lukas-Hradecky",NA,NA
"Lukáš Pokorný",1993,"https://fbref.com/en/players/d831f06f/Lukas-Pokorny",NA,NA
"Łukasz Fabiański",1985,"https://fbref.com/en/players/9328b835/Lukasz-Fabianski",NA,NA
"Luke Mbete-Tatu",2000,"https://fbref.com/en/players/387e1d35/Luke-Mbete-Tatu",NA,NA
"Lumor Agbenyenu",1996,"https://fbref.com/en/players/073b1b37/Lumor-Agbenyenu",NA,NA
"Mads Bech Sørensen",1999,"https://fbref.com/en/players/30db8574/Mads-Bech-Sorensen",NA,NA
"Mads Roerslev",1999,"https://fbref.com/en/players/57c94db2/Mads-Roerslev",NA,NA
"Mak Varešanović",1998,"https://fbref.com/en/players/bf4bff7b/Mak-Varesanovic",NA,NA
"Mamadou Kanouté",1993,"https://fbref.com/en/players/3d5ed93d/Mamadou-Kanoute",NA,NA
"Manuel Lombardoni",1999,"https://fbref.com/en/players/672489c0/Manuel-Lombardoni",NA,NA
"Maranhão",1996,"https://fbref.com/en/players/ae86d473/Maranhao",NA,NA
"Marc Guéhi",2000,"https://fbref.com/en/players/d0706b27/Marc-Guehi",NA,NA
"Marcelo Brozović",1992,"https://fbref.com/en/players/33b8d077/Marcelo-Brozovic",NA,NA
"Marcin Bułka",1999,"https://fbref.com/en/players/db87a2c4/Marcin-Bulka",NA,NA
"Marcin Kamiński",1992,"https://fbref.com/en/players/463503e2/Marcin-Kaminski",NA,NA
"Marco Pissardo",1999,"https://fbref.com/en/players/73ba463e/Marco-Pissardo",NA,NA
"Marcos Mauro López Gutiérrez",1991,"https://fbref.com/en/players/b3b62f94/Marcos-Mauro-Lopez-Gutierrez",NA,NA
"Marek Hamšík",1987,"https://fbref.com/en/players/e6ad16b2/Marek-Hamsik",NA,NA
"Marek Rodák",1996,"https://fbref.com/en/players/17acc2ed/Marek-Rodak",NA,NA
"Marek Suchý",1988,"https://fbref.com/en/players/c5224618/Marek-Suchy",NA,NA
"Mariano",1993,"https://fbref.com/en/players/5c4dc0ff/Mariano",NA,NA
"Marijan Ćavar",1998,"https://fbref.com/en/players/33ec696b/Marijan-Cavar",NA,NA
"Marin Pongračić",1997,"https://fbref.com/en/players/2a6cd437/Marin-Pongracic",NA,NA
"Mario Mandžukić",1986,"https://fbref.com/en/players/afa0d4e0/Mario-Mandzukic",NA,NA
"Mario Pašalić",1995,"https://fbref.com/en/players/e599253a/Mario-Pasalic",NA,NA
"Mario Rodriguez",1997,"https://fbref.com/en/players/a5cdedc7/Mario-Rodriguez",NA,NA
"Mario Vrančić",1989,"https://fbref.com/en/players/16fa6881/Mario-Vrancic",NA,NA
"Marios Oikonomou",1992,"https://fbref.com/en/players/3b9858f5/Marios-Oikonomou",NA,NA
"Mariusz Stępiński",1995,"https://fbref.com/en/players/7b536033/Mariusz-Stepinski",NA,NA
"Marko Arnautović",1989,"https://fbref.com/en/players/00459419/Marko-Arnautovic",NA,NA
"Marko Dmitrović",1992,"https://fbref.com/en/players/ac295d9e/Marko-Dmitrovic",NA,NA
"Marko Grujić",1996,"https://fbref.com/en/players/8b8e759d/Marko-Grujic",NA,NA
"Marko Janković",1995,"https://fbref.com/en/players/9866afec/Marko-Jankovic",NA,NA
"Marko Pajač",1993,"https://fbref.com/en/players/5df4ef30/Marko-Pajac",NA,NA
"Martin Agirregabiria",1996,"https://fbref.com/en/players/355c883a/Martin-Agirregabiria",NA,NA
"Martin Dúbravka",1989,"https://fbref.com/en/players/3a949a25/Martin-Dubravka",NA,NA
"Martin Škrtel",1984,"https://fbref.com/en/players/defb905a/Martin-Skrtel",NA,NA
"Marvin",2000,"https://fbref.com/en/players/efaefda0/Marvin",NA,NA
"Marvin Elimbi",2003,"https://fbref.com/en/players/672f3db0/Marvin-Elimbi",NA,NA
"Massadio Haïdara",1992,"https://fbref.com/en/players/5167c97e/Massadio-Haidara",NA,NA
"Mateo Kovačić",1994,"https://fbref.com/en/players/79c0821a/Mateo-Kovacic",NA,NA
"Mateo Pavlović",1990,"https://fbref.com/en/players/450e277f/Mateo-Pavlovic",NA,NA
"Mateu Morey",2000,"https://fbref.com/en/players/5fd5e542/Mateu-Morey",NA,NA
"Matheus Pereira da Silva",1998,"https://fbref.com/en/players/bef22bc4/Matheus-Pereira-da-Silva",NA,NA
"Mathias Jørgensen",1990,"https://fbref.com/en/players/0db5d2c8/Mathias-Jorgensen",NA,NA
"Mathieu Goncalves",2001,"https://fbref.com/en/players/d26cd32d/Mathieu-Goncalves",NA,NA
"Mathys Tel",2005,"https://fbref.com/en/players/829aa60c/Mathys-Tel",NA,NA
"Matija Nastasić",1993,"https://fbref.com/en/players/f35430a4/Matija-Nastasic",NA,NA
"Matthias Phaeton",2000,"https://fbref.com/en/players/42c8ede1/Matthias-Phaeton",NA,NA
"Maxime Lopez",1997,"https://fbref.com/en/players/20094685/Maxime-Lopez",NA,NA
"Michal Tomič",1999,"https://fbref.com/en/players/925fe145/Michal-Tomic",NA,NA
"Míchel",1988,"https://fbref.com/en/players/418f8f61/Michel",NA,NA
"Miguel",1999,"https://fbref.com/en/players/6763373d/Miguel",NA,NA
"Miguel",1997,"https://fbref.com/en/players/7aa10402/Miguel",NA,NA
"Miguel Juan Llambrich",1996,"https://fbref.com/en/players/d83f09ff/Miguel-Juan-Llambrich",NA,NA
"Mihael Onișa",2000,"https://fbref.com/en/players/fac3c647/Mihael-Onisa",NA,NA
"Mihailo Ristić",1995,"https://fbref.com/en/players/ea0aa7e0/Mihailo-Ristic",NA,NA
"Mijat Gaćinović",1995,"https://fbref.com/en/players/16daec92/Mijat-Gacinovic",NA,NA
"Milan Biševac",1983,"https://fbref.com/en/players/a51728e3/Milan-Bisevac",NA,NA
"Milan Đurić",1990,"https://fbref.com/en/players/405f6586/Milan-Djuric",NA,NA
"Milan Gajić",1996,"https://fbref.com/en/players/9f6325f9/Milan-Gajic",NA,NA
"Milan Škriniar",1995,"https://fbref.com/en/players/30f5ffa9/Milan-Skriniar",NA,NA
"Milos Bocic",2000,"https://fbref.com/en/players/e6d74685/Milos-Bocic",NA,NA
"Miloš Jojić",1992,"https://fbref.com/en/players/fb59286d/Milos-Jojic",NA,NA
"Miloš Pantović",1996,"https://fbref.com/en/players/5dc15574/Milos-Pantovic",NA,NA
"Miloš Veljković",1995,"https://fbref.com/en/players/a5ae8f8e/Milos-Veljkovic",NA,NA
"Miloš Vulić",1996,"https://fbref.com/en/players/5944af8f/Milos-Vulic",NA,NA
"Milutin Osmajić",1999,"https://fbref.com/en/players/375ed9d7/Milutin-Osmajic",NA,NA
"Moanes Dabour",1992,"https://fbref.com/en/players/eac044ad/Moanes-Dabour",NA,NA
"Moha",2000,"https://fbref.com/en/players/97ceacc3/Moha",NA,NA
"Mohamed Cissé",2001,"https://fbref.com/en/players/276d0434/Mohamed-Cisse",NA,NA
"Mohamed Lamine Diaby",2001,"https://fbref.com/en/players/15e99107/Mohamed-Lamine-Diaby",NA,NA
"Mohamed Moukhliss",2000,"https://fbref.com/en/players/347aa693/Mohamed-Moukhliss",NA,NA
"Moreto Cassamã",1998,"https://fbref.com/en/players/f54d2149/Moreto-Cassama",NA,NA
"Mouhamadou Diarra",2004,"https://fbref.com/en/players/6d0fe035/Mouhamadou-Diarra",NA,NA
"Moussa Niakhate",1996,"https://fbref.com/en/players/00242715/Moussa-Niakhate",NA,NA
"Muhamed Bešić",1992,"https://fbref.com/en/players/7ca9f0f0/Muhamed-Besic",NA,NA
"Muzinga Ngonda",1994,"https://fbref.com/en/players/b748968d/Muzinga-Ngonda",NA,NA
"Nacho",1990,"https://fbref.com/en/players/2946f9a1/Nacho",NA,NA
"Nacho",1989,"https://fbref.com/en/players/e29d1111/Nacho",NA,NA
"Nahuel Molina",1997,"https://fbref.com/en/players/23610943/Nahuel-Molina",NA,NA
"Nano",1995,"https://fbref.com/en/players/217011a0/Nano",NA,NA
"Nemanja Maksimović",1995,"https://fbref.com/en/players/00b28772/Nemanja-Maksimovic",NA,NA
"Nemanja Matić",1988,"https://fbref.com/en/players/eb7822d7/Nemanja-Matic",NA,NA
"Nemanja Radonjić",1996,"https://fbref.com/en/players/0630eb63/Nemanja-Radonjic",NA,NA
"Néstor Araujo",1991,"https://fbref.com/en/players/27a013f7/Nestor-Araujo",NA,NA
"Neven Subotić",1988,"https://fbref.com/en/players/821233cc/Neven-Subotic",NA,NA
"Nianzou Kouassi",2002,"https://fbref.com/en/players/5853ac44/Nianzou-Kouassi",NA,NA
"Nicky Medja",2000,"https://fbref.com/en/players/714ffae7/Nicky-Medja",NA,NA
"Nico Ribaudo",2001,"https://fbref.com/en/players/ce8039aa/Nico-Ribaudo",NA,NA
"Nícolas Andrade",1988,"https://fbref.com/en/players/326d09ef/Nicolas-Andrade",NA,NA
"Nicolás González",2002,"https://fbref.com/en/players/2c56a792/Nicolas-Gonzalez",NA,NA
"Nicolas Nkoulou",1990,"https://fbref.com/en/players/93cf32a8/Nicolas-Nkoulou",NA,NA
"Nicolás Serrano",2003,"https://fbref.com/en/players/2ad0e5e5/Nicolas-Serrano",NA,NA
"Nikita Contini Baranovsky",1996,"https://fbref.com/en/players/e95069bb/Nikita-Contini-Baranovsky",NA,NA
"Nikola Kalinić",1988,"https://fbref.com/en/players/d4931a5a/Nikola-Kalinic",NA,NA
"Nikola Maksimović",1991,"https://fbref.com/en/players/16b9d5cf/Nikola-Maksimovic",NA,NA
"Nikola Milenković",1997,"https://fbref.com/en/players/bee704fc/Nikola-Milenkovic",NA,NA
"Nikola Vlašić",1997,"https://fbref.com/en/players/aa8e289e/Nikola-Vlasic",NA,NA
"Nikola Vukčević",1991,"https://fbref.com/en/players/4442fbcd/Nikola-Vukcevic",NA,NA
"Nikolas Špalek",1997,"https://fbref.com/en/players/9e90fb5d/Nikolas-Spalek",NA,NA
"Norbert Gyömbér",1992,"https://fbref.com/en/players/0be276c6/Norbert-Gyomber",NA,NA
"Nura Abdullahi",1997,"https://fbref.com/en/players/d24769d8/Nura-Abdullahi",NA,NA
"Nuri Şahin",1988,"https://fbref.com/en/players/f4081572/Nuri-Sahin",NA,NA
"Odilon Kossonou",2001,"https://fbref.com/en/players/1f3afdcb/Odilon-Kossonou",NA,NA
"Ognjen Stijepović",1999,"https://fbref.com/en/players/80ad4216/Ognjen-Stijepovic",NA,NA
"Oier Sanjurjo",1986,"https://fbref.com/en/players/466824fb/Oier-Sanjurjo",NA,NA
"Okay Yokuşlu",1994,"https://fbref.com/en/players/e49ce451/Okay-Yokuslu",NA,NA
"Olasagasti",2000,"https://fbref.com/en/players/3d99999d/Olasagasti",NA,NA
"Ole Selnæs",1994,"https://fbref.com/en/players/4db2157a/Ole-Selnaes",NA,NA
"Oliver Batista-Meier",2001,"https://fbref.com/en/players/b7828a08/Oliver-Batista-Meier",NA,NA
"Ondřej Petrák",1992,"https://fbref.com/en/players/3e81a228/Ondrej-Petrak",NA,NA
"Óscar Gil",1997,"https://fbref.com/en/players/6652cf96/Oscar-Gil",NA,NA
"Óscar Rodríguez Arnaiz",1998,"https://fbref.com/en/players/19709006/Oscar-Rodriguez-Arnaiz",NA,NA
"Owen Dodgson",2003,"https://fbref.com/en/players/2e590065/Owen-Dodgson",NA,NA
"Pablo Gálvez",2001,"https://fbref.com/en/players/191a897a/Pablo-Galvez",NA,NA
"Pablo Gozalbez",2001,"https://fbref.com/en/players/f33b6ee6/Pablo-Gozalbez",NA,NA
"Pablo Ramon",2001,"https://fbref.com/en/players/03cb6ca0/Pablo-Ramon",NA,NA
"Paik Seung-ho",1997,"https://fbref.com/en/players/1e1bea09/Paik-Seung-ho",NA,NA
"Paolo Gozzi Iweru",2001,"https://fbref.com/en/players/94230890/Paolo-Gozzi-Iweru",NA,NA
"Pape Abou Cisse",1995,"https://fbref.com/en/players/8bc373ea/Pape-Abou-Cisse",NA,NA
"Pape Assane",1997,"https://fbref.com/en/players/15434055/Pape-Assane",NA,NA
"Paulino",1997,"https://fbref.com/en/players/f20fce1b/Paulino",NA,NA
"Pavel Kadeřábek",1992,"https://fbref.com/en/players/79c90e45/Pavel-Kaderabek",NA,NA
"Paweł Jaroszyński",1994,"https://fbref.com/en/players/958a601f/Pawel-Jaroszynski",NA,NA
"Pedro López Muñoz",1983,"https://fbref.com/en/players/a60823a4/Pedro-Lopez-Munoz",NA,NA
"Pedro Ortiz",2000,"https://fbref.com/en/players/f9358b61/Pedro-Ortiz",NA,NA
"Pepe",2000,"https://fbref.com/en/players/6583a8a9/Pepe",NA,NA
"Pepín",1996,"https://fbref.com/en/players/7afb1573/Pepin",NA,NA
"Pere Joan",2002,"https://fbref.com/en/players/a2b1bca6/Pere-Joan",NA,NA
"Petar Mićin",1998,"https://fbref.com/en/players/259deea9/Petar-Micin",NA,NA
"Petar Škuletić",1990,"https://fbref.com/en/players/d9a66c60/Petar-Skuletic",NA,NA
"Petar Stojanović",1995,"https://fbref.com/en/players/13b44b02/Petar-Stojanovic",NA,NA
"Peter Pekarík",1986,"https://fbref.com/en/players/c18d22f5/Peter-Pekarik",NA,NA
"Petr Čech",1982,"https://fbref.com/en/players/71672fa0/Petr-Cech",NA,NA
"Philip Ankhrah",2002,"https://fbref.com/en/players/f5409698/Philip-Ankhrah",NA,NA
"Pierre Højbjerg",1995,"https://fbref.com/en/players/8b04d6c1/Pierre-Hojbjerg",NA,NA
"Pierre Lees-Melou",1993,"https://fbref.com/en/players/f5044e54/Pierre-Lees-Melou",NA,NA
"Pierre-Daniel N'Guinda",1996,"https://fbref.com/en/players/fb04404b/Pierre-Daniel-NGuinda",NA,NA
"Piotr Zieliński",1994,"https://fbref.com/en/players/a5296e55/Piotr-Zielinski",NA,NA
"Predrag Rajković",1995,"https://fbref.com/en/players/58ad9383/Predrag-Rajkovic",NA,NA
"Przemysław Tytoń",1987,"https://fbref.com/en/players/1fa85681/Przemyslaw-Tyton",NA,NA
"Quique",1990,"https://fbref.com/en/players/c966fce1/Quique",NA,NA
"Rade Krunić",1993,"https://fbref.com/en/players/817c6964/Rade-Krunic",NA,NA
"Radu Drăgușin",2002,"https://fbref.com/en/players/620922ed/Radu-Dragusin",NA,NA
"Rafa",2003,"https://fbref.com/en/players/7bf09d25/Rafa",NA,NA
"Rafael Cabral",1990,"https://fbref.com/en/players/806f7a26/Rafael-Cabral",NA,NA
"Rafiki Said Ahamada",2000,"https://fbref.com/en/players/c2e5f306/Rafiki-Said-Ahamada",NA,NA
"Rajko Brežančić",1989,"https://fbref.com/en/players/1519a888/Rajko-Brezancic",NA,NA
"Randy Ntekja",1997,"https://fbref.com/en/players/a6103274/Randy-Ntekja",NA,NA
"Raphael Dias Belloli",1996,"https://fbref.com/en/players/3423f250/Raphael-Dias-Belloli",NA,NA
"Raúl",2000,"https://fbref.com/en/players/18f0a9f0/Raul",NA,NA
"Raúl Blanco",2001,"https://fbref.com/en/players/8f3cbe57/Raul-Blanco",NA,NA
"Redru",1997,"https://fbref.com/en/players/70a6ce32/Redru",NA,NA
"Redwan Bourles",2003,"https://fbref.com/en/players/5c7895a0/Redwan-Bourles",NA,NA
"Renato Barbosa",1998,"https://fbref.com/en/players/ca34d0d8/Renato-Barbosa",NA,NA
"Ricard",2000,"https://fbref.com/en/players/fce521d7/Ricard",NA,NA
"Ricardo Farcaş",2000,"https://fbref.com/en/players/fc0c03fb/Ricardo-Farcas",NA,NA
"Richairo Živković",1996,"https://fbref.com/en/players/d2d74d9c/Richairo-Zivkovic",NA,NA
"Rifet Kapić",1995,"https://fbref.com/en/players/6e29ba6e/Rifet-Kapic",NA,NA
"Rober",1995,"https://fbref.com/en/players/c00097d2/Rober",NA,NA
"Robert Berić",1991,"https://fbref.com/en/players/9001138b/Robert-Beric",NA,NA
"Róbert Mazáň",1994,"https://fbref.com/en/players/30672832/Robert-Mazan",NA,NA
"Robert Street",2001,"https://fbref.com/en/players/b4390912/Robert-Street",NA,NA
"Robert Vallribera Ruiz",2002,"https://fbref.com/en/players/e695674d/Robert-Vallribera-Ruiz",NA,NA
"Robert Žulj",1992,"https://fbref.com/en/players/f2e3b81c/Robert-Zulj",NA,NA
"Roberto Durante",2001,"https://fbref.com/en/players/7ffbfc23/Roberto-Durante",NA,NA
"Roberto Olabe del Arco",1996,"https://fbref.com/en/players/b91883b7/Roberto-Olabe-del-Arco",NA,NA
"Rodrigo",2000,"https://fbref.com/en/players/85bed4ee/Rodrigo",NA,NA
"Roger Ibanez",1998,"https://fbref.com/en/players/82efe6fa/Roger-Ibanez",NA,NA
"Rok Vodišek",1998,"https://fbref.com/en/players/70451f65/Rok-Vodisek",NA,NA
"Rubén",1984,"https://fbref.com/en/players/24279b8b/Ruben",NA,NA
"Rudy Kohon",2004,"https://fbref.com/en/players/9cd28348/Rudy-Kohon",NA,NA
"Salih Uçan",1994,"https://fbref.com/en/players/fe154b26/Salih-Ucan",NA,NA
"Salvi",1991,"https://fbref.com/en/players/405f267a/Salvi",NA,NA
"Samir Handanović",1984,"https://fbref.com/en/players/74419746/Samir-Handanovic",NA,NA
"Samúel Friðjónsson",1996,"https://fbref.com/en/players/55557b25/Samuel-Fridjonsson",NA,NA
"Samuel Mráz",1997,"https://fbref.com/en/players/be6c1ccc/Samuel-Mraz",NA,NA
"Samuel Şahin-Radlinger",1992,"https://fbref.com/en/players/e385200c/Samuel-Sahin-Radlinger",NA,NA
"Samuel Sáiz",1991,"https://fbref.com/en/players/13e0eb29/Samuel-Saiz",NA,NA
"Samuele Oltremarini",2000,"https://fbref.com/en/players/7efb2c41/Samuele-Oltremarini",NA,NA
"Samy Benchama",2000,"https://fbref.com/en/players/90c99c5c/Samy-Benchama",NA,NA
"Sanjin Prcić",1993,"https://fbref.com/en/players/51c30111/Sanjin-Prcic",NA,NA
"Santiago Ramos",2001,"https://fbref.com/en/players/fe0a346d/Santiago-Ramos",NA,NA
"Saphir Taïder",1992,"https://fbref.com/en/players/a12d0c05/Saphir-Taider",NA,NA
"Saša Lukić",1996,"https://fbref.com/en/players/c6e8cf1f/Sasa-Lukic",NA,NA
"Scott Banks",2001,"https://fbref.com/en/players/d01f8942/Scott-Banks",NA,NA
"Sead Haksabanović",1999,"https://fbref.com/en/players/d2fd7c14/Sead-Haksabanovic",NA,NA
"Sead Kolašinac",1993,"https://fbref.com/en/players/3935e52e/Sead-Kolasinac",NA,NA
"Sejad Salihović",1984,"https://fbref.com/en/players/a4e14205/Sejad-Salihovic",NA,NA
"Senad Lulić",1986,"https://fbref.com/en/players/7fd58fe3/Senad-Lulic",NA,NA
"Seo Youngjae",1995,"https://fbref.com/en/players/9caae30d/Seo-Youngjae",NA,NA
"Sergio Cubero Ezcurra",1999,"https://fbref.com/en/players/d858d079/Sergio-Cubero-Ezcurra",NA,NA
"Shinji Okazaki",1986,"https://fbref.com/en/players/68796d61/Shinji-Okazaki",NA,NA
"Sidney Friede",1998,"https://fbref.com/en/players/bdceacba/Sidney-Friede",NA,NA
"Silas Katompa",1998,"https://fbref.com/en/players/de4cac2d/Silas-Katompa",NA,NA
"Silvère Ganvoula M'Boussy",1996,"https://fbref.com/en/players/6c731625/Silvere-Ganvoula-MBoussy",NA,NA
"Simeon Nwankwo",1992,"https://fbref.com/en/players/80dbbd10/Simeon-Nwankwo",NA,NA
"Simon Kjær",1989,"https://fbref.com/en/players/8b8a56ce/Simon-Kjaer",NA,NA
"Šimon Štefanec",1998,"https://fbref.com/en/players/dff4a9fc/Simon-Stefanec",NA,NA
"Simone Ianesi",2002,"https://fbref.com/en/players/4f9fe4f8/Simone-Ianesi",NA,NA
"Sinaly Diomande",2001,"https://fbref.com/en/players/6de23ab0/Sinaly-Diomande",NA,NA
"Sinan Gümüş",1994,"https://fbref.com/en/players/ac1f056e/Sinan-Gumus",NA,NA
"Slobodan Medojević",1990,"https://fbref.com/en/players/2e64bb49/Slobodan-Medojevic",NA,NA
"Son Heung-min",1992,"https://fbref.com/en/players/92e7e919/Son-Heung-min",NA,NA
"Stanley N'Soki",1999,"https://fbref.com/en/players/61590953/Stanley-NSoki",NA,NA
"Steeve-Mike Ebongue",2001,"https://fbref.com/en/players/9d5ab351/Steeve-Mike-Ebongue",NA,NA
"Stefan Drljača",1999,"https://fbref.com/en/players/1f964b1b/Stefan-Drljaca",NA,NA
"Stefan Mitrović",1990,"https://fbref.com/en/players/e6777e6b/Stefan-Mitrovic",NA,NA
"Stefan Savić",1991,"https://fbref.com/en/players/f6ac68c1/Stefan-Savic",NA,NA
"Stefan Simić",1995,"https://fbref.com/en/players/b5365398/Stefan-Simic",NA,NA
"Stephan Fürstner",1987,"https://fbref.com/en/players/18c2e247/Stephan-Furstner",NA,NA
"Stevan Jovetić",1989,"https://fbref.com/en/players/f36c432f/Stevan-Jovetic",NA,NA
"Strahinja Pavlović",2001,"https://fbref.com/en/players/25146df0/Strahinja-Pavlovic",NA,NA
"Strahinja Tanasijević",1997,"https://fbref.com/en/players/618ab91f/Strahinja-Tanasijevic",NA,NA
"Suk Hyun-jun",1991,"https://fbref.com/en/players/7ffaf233/Suk-Hyun-jun",NA,NA
"Szymon Czyż",2001,"https://fbref.com/en/players/4c14af32/Szymon-Czyz",NA,NA
"Szymon Żurkowski",1997,"https://fbref.com/en/players/4e1d5e59/Szymon-Zurkowski",NA,NA
"Tanguy Ndombele",1996,"https://fbref.com/en/players/5cdddffa/Tanguy-Ndombele",NA,NA
"Théo Pionnier",2002,"https://fbref.com/en/players/857c7688/Theo-Pionnier",NA,NA
"Théodore Efouba",1997,"https://fbref.com/en/players/96245685/Theodore-Efouba",NA,NA
"Thiago Alcántara",1991,"https://fbref.com/en/players/77e84962/Thiago-Alcantara",NA,NA
"Thomas Mcgill",2000,"https://fbref.com/en/players/4eb2d015/Thomas-Mcgill",NA,NA
"Tim Iroegbunam",NA,"https://fbref.com/en/players/84c5ceea/Tim-Iroegbunam",NA,NA
"Timothé Rupil",2003,"https://fbref.com/en/players/856cc666/Timothe-Rupil",NA,NA
"Timothee Pembele",2002,"https://fbref.com/en/players/f8ce97ca/Timothee-Pembele",NA,NA
"Toma Bašić",1996,"https://fbref.com/en/players/80556f08/Toma-Basic",NA,NA
"Tomáš Hubočan",1985,"https://fbref.com/en/players/97b87472/Tomas-Hubocan",NA,NA
"Tomáš Ostrák",2000,"https://fbref.com/en/players/3ba95f20/Tomas-Ostrak",NA,NA
"Tomás Pina Isla",1987,"https://fbref.com/en/players/e54bd0a2/Tomas-Pina-Isla",NA,NA
"Tomáš Souček",1995,"https://fbref.com/en/players/6613c819/Tomas-Soucek",NA,NA
"Tomáš Vaclík",1989,"https://fbref.com/en/players/7b456af7/Tomas-Vaclik",NA,NA
"Toni Fuidias",2001,"https://fbref.com/en/players/33d2c795/Toni-Fuidias",NA,NA
"Toño",1989,"https://fbref.com/en/players/d4ef9ac5/Tono",NA,NA
"Toño Ramírez",1986,"https://fbref.com/en/players/dc4511f3/Tono-Ramirez",NA,NA
"Trézéguet",1994,"https://fbref.com/en/players/3ae14ed1/Trezeguet",NA,NA
"Tudor Băluță",1999,"https://fbref.com/en/players/ed33f42d/Tudor-Baluta",NA,NA
"Unai Arietaleanizbeaskoa",1999,"https://fbref.com/en/players/74d9a90b/Unai-Arietaleanizbeaskoa",NA,NA
"Unai Vencedor Paris",2000,"https://fbref.com/en/players/4112ace5/Unai-Vencedor-Paris",NA,NA
"Uroš Račić",1998,"https://fbref.com/en/players/faed84db/Uros-Racic",NA,NA
"Vagner Gonçalves",1996,"https://fbref.com/en/players/743fd71f/Vagner-Goncalves",NA,NA
"Vahid Selimović",1997,"https://fbref.com/en/players/6aeb647a/Vahid-Selimovic",NA,NA
"Vasco Oliveira",2000,"https://fbref.com/en/players/a9ca50f5/Vasco-Oliveira",NA,NA
"Vassilis Lambropoulos",1990,"https://fbref.com/en/players/591477c9/Vassilis-Lambropoulos",NA,NA
"Vedad Ibišević",1984,"https://fbref.com/en/players/c3fd9887/Vedad-Ibisevic",NA,NA
"Victor Perea",2000,"https://fbref.com/en/players/b7de5bad/Victor-Perea",NA,NA
"Vitalie Damașcan",1999,"https://fbref.com/en/players/54e0c0cc/Vitalie-Damascan",NA,NA
"Vitja Valenčič",1999,"https://fbref.com/en/players/faa81ba6/Vitja-Valencic",NA,NA
"Vlad Chiricheș",1989,"https://fbref.com/en/players/c316607a/Vlad-Chiriches",NA,NA
"Vladimir Golemić",1991,"https://fbref.com/en/players/1db295e5/Vladimir-Golemic",NA,NA
"Vontae Daley Campbell",2001,"https://fbref.com/en/players/192d4c3d/Vontae-Daley-Campbell",NA,NA
"Vukašin Jovanović",1996,"https://fbref.com/en/players/0eb03d5b/Vukasin-Jovanovic",NA,NA
"Waniss Taibi",2002,"https://fbref.com/en/players/95192fe4/Waniss-Taibi",NA,NA
"Wesley Moraes",1996,"https://fbref.com/en/players/bfae110f/Wesley-Moraes",NA,NA
"Will Ferry",2001,"https://fbref.com/en/players/f4765c97/Will-Ferry",NA,NA
"William",1999,"https://fbref.com/en/players/09bc547d/William",NA,NA
"Wojciech Szczęsny",1990,"https://fbref.com/en/players/01b8a2b2/Wojciech-Szczesny",NA,NA
"Wu Lei",1991,"https://fbref.com/en/players/e3fabb0a/Wu-Lei",NA,NA
"Wuilker Faríñez",1998,"https://fbref.com/en/players/2c127b6f/Wuilker-Farinez",NA,NA
"Xesc Regis",1996,"https://fbref.com/en/players/4b32b2be/Xesc-Regis",NA,NA
"Yanis Lhery",2003,"https://fbref.com/en/players/cc972842/Yanis-Lhery",NA,NA
"Yann Kembo Diantela",2002,"https://fbref.com/en/players/139cdcf9/Yann-Kembo-Diantela",NA,NA
"Yassin Fortune",1999,"https://fbref.com/en/players/ddcc9e22/Yassin-Fortune",NA,NA
"Yassine Bounou",1991,"https://fbref.com/en/players/f6798fc3/Yassine-Bounou",NA,NA
"Yeni Ngbakoto",1992,"https://fbref.com/en/players/813aae2f/Yeni-Ngbakoto",NA,NA
"Yıldırım Mert Çetin",1997,"https://fbref.com/en/players/c730da00/Yildirim-Mert-Cetin",NA,NA
"Yoel",1988,"https://fbref.com/en/players/61bb7498/Yoel",NA,NA
"Yoel Ramírez",2002,"https://fbref.com/en/players/bcd2dac9/Yoel-Ramirez",NA,NA
"Yoshinori Mutō",1992,"https://fbref.com/en/players/5343eb4e/Yoshinori-Muto",NA,NA
"Youcef Attal",1996,"https://fbref.com/en/players/6a827d8e/Youcef-Attal",NA,NA
"Yun Il-lok",1992,"https://fbref.com/en/players/23bf644d/Yun-Il-lok",NA,NA
"Yunus Mallı",1992,"https://fbref.com/en/players/f3722c97/Yunus-Malli",NA,NA
"Yusuf Demir",2003,"https://fbref.com/en/players/fa265f6d/Yusuf-Demir",NA,NA
"Yusuf Yazıcı",1997,"https://fbref.com/en/players/f5c8b425/Yusuf-Yazici",NA,NA
"Yvann Macon",1998,"https://fbref.com/en/players/0bb6e193/Yvann-Macon",NA,NA
"Zdravko Kuzmanović",1987,"https://fbref.com/en/players/6df0dc74/Zdravko-Kuzmanovic",NA,NA
"Zeki Çelik",1997,"https://fbref.com/en/players/31a62dc7/Zeki-Celik",NA,NA
"Zhang Yuning",1997,"https://fbref.com/en/players/9ef04882/Zhang-Yuning",NA,NA
"Zlatan Ibrahimović",1981,"https://fbref.com/en/players/4cde5509/Zlatan-Ibrahimovic",NA,NA
"Zlatko Junuzović",1987,"https://fbref.com/en/players/dba67bc4/Zlatko-Junuzovic",NA,NA
